,DataPesquisa,de,para,Ida,Volta,preco
0,25/01/2020 15:13:09,POA,ATL,2020-07-03,2020-07-19,7349
1,25/01/2020 15:13:09,POA,ATL,2020-07-04,2020-07-19,7215
2,25/01/2020 15:13:10,POA,MIA,2020-07-01,2020-07-16,3397
3,25/01/2020 15:13:10,POA,MIA,2020-07-01,2020-07-17,3370
4,25/01/2020 15:13:10,POA,MIA,2020-07-01,2020-07-18,3179
5,25/01/2020 15:13:10,POA,MIA,2020-07-01,2020-07-19,3210
6,25/01/2020 15:13:10,POA,MIA,2020-07-01,2020-07-20,3293
7,25/01/2020 15:13:10,POA,MIA,2020-07-01,2020-07-21,3344
8,25/01/2020 15:13:10,POA,MIA,2020-07-01,2020-07-22,3337
9,25/01/2020 15:13:10,POA,MIA,2020-07-02,2020-07-16,3245
10,25/01/2020 15:13:10,POA,MIA,2020-07-02,2020-07-17,3278
11,25/01/2020 15:13:10,POA,MIA,2020-07-02,2020-07-18,3118
12,25/01/2020 15:13:10,POA,MIA,2020-07-02,2020-07-19,3147
13,25/01/2020 15:13:10,POA,MIA,2020-07-02,2020-07-20,3182
14,25/01/2020 15:13:10,POA,MIA,2020-07-02,2020-07-21,3222
15,25/01/2020 15:13:10,POA,MIA,2020-07-02,2020-07-22,3268
16,25/01/2020 15:13:10,POA,MIA,2020-07-03,2020-07-16,3639
17,25/01/2020 15:13:10,POA,MIA,2020-07-03,2020-07-17,3649
18,25/01/2020 15:13:10,POA,MIA,2020-07-03,2020-07-18,3644
19,25/01/2020 15:13:10,POA,MIA,2020-07-03,2020-07-19,3728
20,25/01/2020 15:13:10,POA,MIA,2020-07-03,2020-07-20,3743
21,25/01/2020 15:13:10,POA,MIA,2020-07-03,2020-07-21,3688
22,25/01/2020 15:13:10,POA,MIA,2020-07-03,2020-07-22,3683
23,25/01/2020 15:13:10,POA,MIA,2020-07-04,2020-07-16,3664
24,25/01/2020 15:13:10,POA,MIA,2020-07-04,2020-07-17,3654
25,25/01/2020 15:13:10,POA,MIA,2020-07-04,2020-07-18,3627
26,25/01/2020 15:13:10,POA,MIA,2020-07-04,2020-07-19,3677
27,25/01/2020 15:13:10,POA,MIA,2020-07-04,2020-07-20,3711
28,25/01/2020 15:13:10,POA,MIA,2020-07-04,2020-07-21,3685
29,25/01/2020 15:13:10,POA,MIA,2020-07-04,2020-07-22,3666
30,25/01/2020 15:13:10,POA,MIA,2020-07-05,2020-07-16,3764
31,25/01/2020 15:13:10,POA,MIA,2020-07-05,2020-07-17,3737
32,25/01/2020 15:13:10,POA,MIA,2020-07-05,2020-07-18,3764
33,25/01/2020 15:13:10,POA,MIA,2020-07-05,2020-07-19,3825
34,25/01/2020 15:13:10,POA,MIA,2020-07-05,2020-07-20,3754
35,25/01/2020 15:13:10,POA,MIA,2020-07-05,2020-07-21,3720
36,25/01/2020 15:13:10,POA,MIA,2020-07-05,2020-07-22,3759
37,25/01/2020 15:13:10,POA,MIA,2020-07-06,2020-07-16,3735
38,25/01/2020 15:13:10,POA,MIA,2020-07-06,2020-07-17,3804
39,25/01/2020 15:13:10,POA,MIA,2020-07-06,2020-07-18,3683
40,25/01/2020 15:13:10,POA,MIA,2020-07-06,2020-07-19,3603
41,25/01/2020 15:13:10,POA,MIA,2020-07-06,2020-07-20,3682
42,25/01/2020 15:13:10,POA,MIA,2020-07-06,2020-07-21,3679
43,25/01/2020 15:13:10,POA,MIA,2020-07-06,2020-07-22,3730
44,25/01/2020 15:13:10,POA,MIA,2020-07-07,2020-07-16,3877
45,25/01/2020 15:13:10,POA,MIA,2020-07-07,2020-07-17,3935
46,25/01/2020 15:13:10,POA,MIA,2020-07-07,2020-07-18,3849
47,25/01/2020 15:13:10,POA,MIA,2020-07-07,2020-07-19,3629
48,25/01/2020 15:13:10,POA,MIA,2020-07-07,2020-07-20,3826
49,25/01/2020 15:13:10,POA,MIA,2020-07-07,2020-07-21,3810
50,25/01/2020 15:13:10,POA,MIA,2020-07-07,2020-07-22,3801
51,25/01/2020 15:13:20,POA,MDZ,2020-07-03,2020-07-19,1679
52,25/01/2020 15:13:20,POA,MDZ,2020-07-04,2020-07-19,1679
53,25/01/2020 15:13:21,POA,BRC,2020-07-01,2020-07-16,1804
54,25/01/2020 15:13:21,POA,BRC,2020-07-01,2020-07-17,1875
55,25/01/2020 15:13:21,POA,BRC,2020-07-01,2020-07-18,1858
56,25/01/2020 15:13:21,POA,BRC,2020-07-01,2020-07-19,1845
57,25/01/2020 15:13:21,POA,BRC,2020-07-01,2020-07-20,1872
58,25/01/2020 15:13:21,POA,BRC,2020-07-01,2020-07-21,1865
59,25/01/2020 15:13:21,POA,BRC,2020-07-01,2020-07-22,1850
60,25/01/2020 15:13:21,POA,BRC,2020-07-02,2020-07-16,1854
61,25/01/2020 15:13:21,POA,BRC,2020-07-02,2020-07-17,1863
62,25/01/2020 15:13:21,POA,BRC,2020-07-02,2020-07-18,1895
63,25/01/2020 15:13:21,POA,BRC,2020-07-02,2020-07-19,1879
64,25/01/2020 15:13:21,POA,BRC,2020-07-02,2020-07-20,1918
65,25/01/2020 15:13:21,POA,BRC,2020-07-02,2020-07-21,1907
66,25/01/2020 15:13:21,POA,BRC,2020-07-02,2020-07-22,1893
67,25/01/2020 15:13:21,POA,BRC,2020-07-03,2020-07-16,1871
68,25/01/2020 15:13:21,POA,BRC,2020-07-03,2020-07-17,1878
69,25/01/2020 15:13:21,POA,BRC,2020-07-03,2020-07-18,1870
70,25/01/2020 15:13:21,POA,BRC,2020-07-03,2020-07-19,1909
71,25/01/2020 15:13:21,POA,BRC,2020-07-03,2020-07-20,1953
72,25/01/2020 15:13:21,POA,BRC,2020-07-03,2020-07-21,1920
73,25/01/2020 15:13:21,POA,BRC,2020-07-03,2020-07-22,1903
74,25/01/2020 15:13:21,POA,BRC,2020-07-04,2020-07-16,1856
75,25/01/2020 15:13:21,POA,BRC,2020-07-04,2020-07-17,1890
76,25/01/2020 15:13:21,POA,BRC,2020-07-04,2020-07-18,1861
77,25/01/2020 15:13:21,POA,BRC,2020-07-04,2020-07-19,1868
78,25/01/2020 15:13:21,POA,BRC,2020-07-04,2020-07-20,1957
79,25/01/2020 15:13:21,POA,BRC,2020-07-04,2020-07-21,1941
80,25/01/2020 15:13:21,POA,BRC,2020-07-04,2020-07-22,1908
81,25/01/2020 15:13:21,POA,BRC,2020-07-05,2020-07-16,1959
82,25/01/2020 15:13:21,POA,BRC,2020-07-05,2020-07-17,2000
83,25/01/2020 15:13:21,POA,BRC,2020-07-05,2020-07-18,1991
84,25/01/2020 15:13:21,POA,BRC,2020-07-05,2020-07-19,1999
85,25/01/2020 15:13:21,POA,BRC,2020-07-05,2020-07-20,2026
86,25/01/2020 15:13:21,POA,BRC,2020-07-05,2020-07-21,2064
87,25/01/2020 15:13:21,POA,BRC,2020-07-05,2020-07-22,2027
88,25/01/2020 15:13:21,POA,BRC,2020-07-06,2020-07-16,2118
89,25/01/2020 15:13:21,POA,BRC,2020-07-06,2020-07-17,2127
90,25/01/2020 15:13:21,POA,BRC,2020-07-06,2020-07-18,2092
91,25/01/2020 15:13:21,POA,BRC,2020-07-06,2020-07-19,2085
92,25/01/2020 15:13:21,POA,BRC,2020-07-06,2020-07-20,2283
93,25/01/2020 15:13:21,POA,BRC,2020-07-06,2020-07-21,2231
94,25/01/2020 15:13:21,POA,BRC,2020-07-06,2020-07-22,2205
95,25/01/2020 15:13:21,POA,BRC,2020-07-07,2020-07-16,2118
96,25/01/2020 15:13:21,POA,BRC,2020-07-07,2020-07-17,2123
97,25/01/2020 15:13:21,POA,BRC,2020-07-07,2020-07-18,2099
98,25/01/2020 15:13:21,POA,BRC,2020-07-07,2020-07-19,2090
99,25/01/2020 15:13:21,POA,BRC,2020-07-07,2020-07-20,2290
100,25/01/2020 15:13:21,POA,BRC,2020-07-07,2020-07-21,2216
101,25/01/2020 15:13:21,POA,BRC,2020-07-07,2020-07-22,2182
102,25/01/2020 15:13:22,POA,LIM,2020-07-01,2020-07-16,1985
103,25/01/2020 15:13:22,POA,LIM,2020-07-01,2020-07-17,1980
104,25/01/2020 15:13:22,POA,LIM,2020-07-01,2020-07-18,1981
105,25/01/2020 15:13:22,POA,LIM,2020-07-01,2020-07-19,1998
106,25/01/2020 15:13:22,POA,LIM,2020-07-01,2020-07-20,1978
107,25/01/2020 15:13:22,POA,LIM,2020-07-01,2020-07-21,1978
108,25/01/2020 15:13:22,POA,LIM,2020-07-01,2020-07-22,1981
109,25/01/2020 15:13:22,POA,LIM,2020-07-02,2020-07-16,1998
110,25/01/2020 15:13:22,POA,LIM,2020-07-02,2020-07-17,1999
111,25/01/2020 15:13:22,POA,LIM,2020-07-02,2020-07-18,2000
112,25/01/2020 15:13:22,POA,LIM,2020-07-02,2020-07-19,2016
113,25/01/2020 15:13:22,POA,LIM,2020-07-02,2020-07-20,2001
114,25/01/2020 15:13:22,POA,LIM,2020-07-02,2020-07-21,2001
115,25/01/2020 15:13:22,POA,LIM,2020-07-02,2020-07-22,2001
116,25/01/2020 15:13:22,POA,LIM,2020-07-03,2020-07-16,2005
117,25/01/2020 15:13:22,POA,LIM,2020-07-03,2020-07-17,2005
118,25/01/2020 15:13:22,POA,LIM,2020-07-03,2020-07-18,2006
119,25/01/2020 15:13:22,POA,LIM,2020-07-03,2020-07-19,2013
120,25/01/2020 15:13:22,POA,LIM,2020-07-03,2020-07-20,2006
121,25/01/2020 15:13:22,POA,LIM,2020-07-03,2020-07-21,2006
122,25/01/2020 15:13:22,POA,LIM,2020-07-03,2020-07-22,2006
123,25/01/2020 15:13:22,POA,LIM,2020-07-04,2020-07-16,2007
124,25/01/2020 15:13:22,POA,LIM,2020-07-04,2020-07-17,2005
125,25/01/2020 15:13:22,POA,LIM,2020-07-04,2020-07-18,1995
126,25/01/2020 15:13:22,POA,LIM,2020-07-04,2020-07-19,2012
127,25/01/2020 15:13:22,POA,LIM,2020-07-04,2020-07-20,1999
128,25/01/2020 15:13:22,POA,LIM,2020-07-04,2020-07-21,1998
129,25/01/2020 15:13:22,POA,LIM,2020-07-04,2020-07-22,1998
130,25/01/2020 15:13:22,POA,LIM,2020-07-05,2020-07-16,2006
131,25/01/2020 15:13:22,POA,LIM,2020-07-05,2020-07-17,2005
132,25/01/2020 15:13:22,POA,LIM,2020-07-05,2020-07-18,2004
133,25/01/2020 15:13:22,POA,LIM,2020-07-05,2020-07-19,2008
134,25/01/2020 15:13:22,POA,LIM,2020-07-05,2020-07-20,2008
135,25/01/2020 15:13:22,POA,LIM,2020-07-05,2020-07-21,2005
136,25/01/2020 15:13:22,POA,LIM,2020-07-05,2020-07-22,2005
137,25/01/2020 15:13:22,POA,LIM,2020-07-06,2020-07-16,1984
138,25/01/2020 15:13:22,POA,LIM,2020-07-06,2020-07-17,1987
139,25/01/2020 15:13:22,POA,LIM,2020-07-06,2020-07-18,1994
140,25/01/2020 15:13:22,POA,LIM,2020-07-06,2020-07-19,2001
141,25/01/2020 15:13:22,POA,LIM,2020-07-06,2020-07-20,1991
142,25/01/2020 15:13:22,POA,LIM,2020-07-06,2020-07-21,1992
143,25/01/2020 15:13:22,POA,LIM,2020-07-06,2020-07-22,1989
144,25/01/2020 15:13:22,POA,LIM,2020-07-07,2020-07-16,1989
145,25/01/2020 15:13:22,POA,LIM,2020-07-07,2020-07-17,1990
146,25/01/2020 15:13:22,POA,LIM,2020-07-07,2020-07-18,1994
147,25/01/2020 15:13:22,POA,LIM,2020-07-07,2020-07-19,1998
148,25/01/2020 15:13:22,POA,LIM,2020-07-07,2020-07-20,1987
149,25/01/2020 15:13:22,POA,LIM,2020-07-07,2020-07-21,1986
150,25/01/2020 15:13:22,POA,LIM,2020-07-07,2020-07-22,1986
151,25/01/2020 15:13:30,POA,CTG,2020-07-03,2020-07-19,2256
152,25/01/2020 15:13:30,POA,CTG,2020-07-04,2020-07-19,2307
153,25/01/2020 15:13:39,POA,ADZ,2020-07-03,2020-07-19,2321
154,25/01/2020 15:13:39,POA,ADZ,2020-07-04,2020-07-19,2321
155,25/01/2020 15:13:49,POA,FRA,2020-07-03,2020-07-19,5127
156,25/01/2020 15:13:49,POA,FRA,2020-07-04,2020-07-19,5017
157,25/01/2020 15:13:50,POA,LIS,2020-07-01,2020-07-16,4207
158,25/01/2020 15:13:50,POA,LIS,2020-07-01,2020-07-17,4258
159,25/01/2020 15:13:50,POA,LIS,2020-07-01,2020-07-18,4399
160,25/01/2020 15:13:50,POA,LIS,2020-07-01,2020-07-19,4367
161,25/01/2020 15:13:50,POA,LIS,2020-07-01,2020-07-20,4290
162,25/01/2020 15:13:50,POA,LIS,2020-07-01,2020-07-21,4305
163,25/01/2020 15:13:50,POA,LIS,2020-07-01,2020-07-22,4276
164,25/01/2020 15:13:50,POA,LIS,2020-07-02,2020-07-16,4345
165,25/01/2020 15:13:50,POA,LIS,2020-07-02,2020-07-17,4306
166,25/01/2020 15:13:50,POA,LIS,2020-07-02,2020-07-18,4477
167,25/01/2020 15:13:50,POA,LIS,2020-07-02,2020-07-19,4524
168,25/01/2020 15:13:50,POA,LIS,2020-07-02,2020-07-20,4300
169,25/01/2020 15:13:50,POA,LIS,2020-07-02,2020-07-21,4308
170,25/01/2020 15:13:50,POA,LIS,2020-07-02,2020-07-22,4247
171,25/01/2020 15:13:50,POA,LIS,2020-07-03,2020-07-16,4197
172,25/01/2020 15:13:50,POA,LIS,2020-07-03,2020-07-17,4437
173,25/01/2020 15:13:50,POA,LIS,2020-07-03,2020-07-18,4510
174,25/01/2020 15:13:50,POA,LIS,2020-07-03,2020-07-19,4420
175,25/01/2020 15:13:50,POA,LIS,2020-07-03,2020-07-20,4332
176,25/01/2020 15:13:50,POA,LIS,2020-07-03,2020-07-21,4413
177,25/01/2020 15:13:50,POA,LIS,2020-07-03,2020-07-22,4208
178,25/01/2020 15:13:50,POA,LIS,2020-07-04,2020-07-16,4118
179,25/01/2020 15:13:50,POA,LIS,2020-07-04,2020-07-17,4557
180,25/01/2020 15:13:50,POA,LIS,2020-07-04,2020-07-18,4609
181,25/01/2020 15:13:50,POA,LIS,2020-07-04,2020-07-19,4398
182,25/01/2020 15:13:50,POA,LIS,2020-07-04,2020-07-20,4296
183,25/01/2020 15:13:50,POA,LIS,2020-07-04,2020-07-21,4297
184,25/01/2020 15:13:50,POA,LIS,2020-07-04,2020-07-22,4186
185,25/01/2020 15:13:50,POA,LIS,2020-07-05,2020-07-16,4188
186,25/01/2020 15:13:50,POA,LIS,2020-07-05,2020-07-17,4518
187,25/01/2020 15:13:50,POA,LIS,2020-07-05,2020-07-18,4585
188,25/01/2020 15:13:50,POA,LIS,2020-07-05,2020-07-19,4485
189,25/01/2020 15:13:50,POA,LIS,2020-07-05,2020-07-20,4281
190,25/01/2020 15:13:50,POA,LIS,2020-07-05,2020-07-21,4302
191,25/01/2020 15:13:50,POA,LIS,2020-07-05,2020-07-22,4255
192,25/01/2020 15:13:50,POA,LIS,2020-07-06,2020-07-16,4163
193,25/01/2020 15:13:50,POA,LIS,2020-07-06,2020-07-17,4455
194,25/01/2020 15:13:50,POA,LIS,2020-07-06,2020-07-18,4613
195,25/01/2020 15:13:50,POA,LIS,2020-07-06,2020-07-19,4386
196,25/01/2020 15:13:50,POA,LIS,2020-07-06,2020-07-20,4162
197,25/01/2020 15:13:50,POA,LIS,2020-07-06,2020-07-21,4204
198,25/01/2020 15:13:50,POA,LIS,2020-07-06,2020-07-22,4257
199,25/01/2020 15:13:50,POA,LIS,2020-07-07,2020-07-16,4183
200,25/01/2020 15:13:50,POA,LIS,2020-07-07,2020-07-17,4468
201,25/01/2020 15:13:50,POA,LIS,2020-07-07,2020-07-18,4532
202,25/01/2020 15:13:50,POA,LIS,2020-07-07,2020-07-19,4438
203,25/01/2020 15:13:50,POA,LIS,2020-07-07,2020-07-20,4172
204,25/01/2020 15:13:50,POA,LIS,2020-07-07,2020-07-21,4270
205,25/01/2020 15:13:50,POA,LIS,2020-07-07,2020-07-22,4272
206,25/01/2020 15:13:50,POA,CUN,2020-07-01,2020-07-16,3531
207,25/01/2020 15:13:50,POA,CUN,2020-07-01,2020-07-17,3538
208,25/01/2020 15:13:50,POA,CUN,2020-07-01,2020-07-18,3544
209,25/01/2020 15:13:50,POA,CUN,2020-07-01,2020-07-19,3542
210,25/01/2020 15:13:50,POA,CUN,2020-07-01,2020-07-20,3569
211,25/01/2020 15:13:50,POA,CUN,2020-07-01,2020-07-21,3546
212,25/01/2020 15:13:50,POA,CUN,2020-07-01,2020-07-22,3548
213,25/01/2020 15:13:50,POA,CUN,2020-07-02,2020-07-16,3529
214,25/01/2020 15:13:50,POA,CUN,2020-07-02,2020-07-17,3540
215,25/01/2020 15:13:50,POA,CUN,2020-07-02,2020-07-18,3547
216,25/01/2020 15:13:50,POA,CUN,2020-07-02,2020-07-19,3549
217,25/01/2020 15:13:50,POA,CUN,2020-07-02,2020-07-20,3570
218,25/01/2020 15:13:50,POA,CUN,2020-07-02,2020-07-21,3541
219,25/01/2020 15:13:50,POA,CUN,2020-07-02,2020-07-22,3553
220,25/01/2020 15:13:50,POA,CUN,2020-07-03,2020-07-16,3545
221,25/01/2020 15:13:50,POA,CUN,2020-07-03,2020-07-17,3569
222,25/01/2020 15:13:50,POA,CUN,2020-07-03,2020-07-18,3598
223,25/01/2020 15:13:50,POA,CUN,2020-07-03,2020-07-19,3567
224,25/01/2020 15:13:50,POA,CUN,2020-07-03,2020-07-20,3573
225,25/01/2020 15:13:50,POA,CUN,2020-07-03,2020-07-21,3543
226,25/01/2020 15:13:50,POA,CUN,2020-07-03,2020-07-22,3548
227,25/01/2020 15:13:50,POA,CUN,2020-07-04,2020-07-16,3602
228,25/01/2020 15:13:50,POA,CUN,2020-07-04,2020-07-17,3609
229,25/01/2020 15:13:50,POA,CUN,2020-07-04,2020-07-18,3649
230,25/01/2020 15:13:50,POA,CUN,2020-07-04,2020-07-19,3651
231,25/01/2020 15:13:50,POA,CUN,2020-07-04,2020-07-20,3640
232,25/01/2020 15:13:50,POA,CUN,2020-07-04,2020-07-21,3631
233,25/01/2020 15:13:50,POA,CUN,2020-07-04,2020-07-22,3607
234,25/01/2020 15:13:50,POA,CUN,2020-07-05,2020-07-16,3635
235,25/01/2020 15:13:50,POA,CUN,2020-07-05,2020-07-17,3639
236,25/01/2020 15:13:50,POA,CUN,2020-07-05,2020-07-18,3684
237,25/01/2020 15:13:50,POA,CUN,2020-07-05,2020-07-19,3677
238,25/01/2020 15:13:50,POA,CUN,2020-07-05,2020-07-20,3683
239,25/01/2020 15:13:50,POA,CUN,2020-07-05,2020-07-21,3656
240,25/01/2020 15:13:50,POA,CUN,2020-07-05,2020-07-22,3656
241,25/01/2020 15:13:50,POA,CUN,2020-07-06,2020-07-16,3639
242,25/01/2020 15:13:50,POA,CUN,2020-07-06,2020-07-17,3652
243,25/01/2020 15:13:50,POA,CUN,2020-07-06,2020-07-18,3704
244,25/01/2020 15:13:50,POA,CUN,2020-07-06,2020-07-19,3710
245,25/01/2020 15:13:50,POA,CUN,2020-07-06,2020-07-20,3668
246,25/01/2020 15:13:50,POA,CUN,2020-07-06,2020-07-21,3664
247,25/01/2020 15:13:50,POA,CUN,2020-07-06,2020-07-22,3659
248,25/01/2020 15:13:50,POA,CUN,2020-07-07,2020-07-16,3711
249,25/01/2020 15:13:50,POA,CUN,2020-07-07,2020-07-17,3703
250,25/01/2020 15:13:50,POA,CUN,2020-07-07,2020-07-18,3748
251,25/01/2020 15:13:50,POA,CUN,2020-07-07,2020-07-19,3750
252,25/01/2020 15:13:50,POA,CUN,2020-07-07,2020-07-20,3702
253,25/01/2020 15:13:50,POA,CUN,2020-07-07,2020-07-21,3695
254,25/01/2020 15:13:50,POA,CUN,2020-07-07,2020-07-22,3711
255,25/01/2020 15:13:51,POA,PUJ,2020-07-01,2020-07-16,3059
256,25/01/2020 15:13:51,POA,PUJ,2020-07-01,2020-07-17,3088
257,25/01/2020 15:13:51,POA,PUJ,2020-07-01,2020-07-18,3071
258,25/01/2020 15:13:51,POA,PUJ,2020-07-01,2020-07-19,3065
259,25/01/2020 15:13:51,POA,PUJ,2020-07-01,2020-07-20,3011
260,25/01/2020 15:13:51,POA,PUJ,2020-07-01,2020-07-21,3022
261,25/01/2020 15:13:51,POA,PUJ,2020-07-01,2020-07-22,3025
262,25/01/2020 15:13:51,POA,PUJ,2020-07-02,2020-07-16,3097
263,25/01/2020 15:13:51,POA,PUJ,2020-07-02,2020-07-17,3076
264,25/01/2020 15:13:51,POA,PUJ,2020-07-02,2020-07-18,3040
265,25/01/2020 15:13:51,POA,PUJ,2020-07-02,2020-07-19,3040
266,25/01/2020 15:13:51,POA,PUJ,2020-07-02,2020-07-20,3022
267,25/01/2020 15:13:51,POA,PUJ,2020-07-02,2020-07-21,3037
268,25/01/2020 15:13:51,POA,PUJ,2020-07-02,2020-07-22,3040
269,25/01/2020 15:13:51,POA,PUJ,2020-07-03,2020-07-16,3278
270,25/01/2020 15:13:51,POA,PUJ,2020-07-03,2020-07-17,3361
271,25/01/2020 15:13:51,POA,PUJ,2020-07-03,2020-07-18,3299
272,25/01/2020 15:13:51,POA,PUJ,2020-07-03,2020-07-19,3230
273,25/01/2020 15:13:51,POA,PUJ,2020-07-03,2020-07-20,3249
274,25/01/2020 15:13:51,POA,PUJ,2020-07-03,2020-07-21,3248
275,25/01/2020 15:13:51,POA,PUJ,2020-07-03,2020-07-22,3237
276,25/01/2020 15:13:51,POA,PUJ,2020-07-04,2020-07-16,3427
277,25/01/2020 15:13:51,POA,PUJ,2020-07-04,2020-07-17,3503
278,25/01/2020 15:13:51,POA,PUJ,2020-07-04,2020-07-18,3503
279,25/01/2020 15:13:51,POA,PUJ,2020-07-04,2020-07-19,3408
280,25/01/2020 15:13:51,POA,PUJ,2020-07-04,2020-07-20,3404
281,25/01/2020 15:13:51,POA,PUJ,2020-07-04,2020-07-21,3396
282,25/01/2020 15:13:51,POA,PUJ,2020-07-04,2020-07-22,3401
283,25/01/2020 15:13:51,POA,PUJ,2020-07-05,2020-07-16,3374
284,25/01/2020 15:13:51,POA,PUJ,2020-07-05,2020-07-17,3470
285,25/01/2020 15:13:51,POA,PUJ,2020-07-05,2020-07-18,3453
286,25/01/2020 15:13:51,POA,PUJ,2020-07-05,2020-07-19,3411
287,25/01/2020 15:13:51,POA,PUJ,2020-07-05,2020-07-20,3375
288,25/01/2020 15:13:51,POA,PUJ,2020-07-05,2020-07-21,3364
289,25/01/2020 15:13:51,POA,PUJ,2020-07-05,2020-07-22,3380
290,25/01/2020 15:13:51,POA,PUJ,2020-07-06,2020-07-16,3204
291,25/01/2020 15:13:51,POA,PUJ,2020-07-06,2020-07-17,3320
292,25/01/2020 15:13:51,POA,PUJ,2020-07-06,2020-07-18,3398
293,25/01/2020 15:13:51,POA,PUJ,2020-07-06,2020-07-19,3387
294,25/01/2020 15:13:51,POA,PUJ,2020-07-06,2020-07-20,3260
295,25/01/2020 15:13:51,POA,PUJ,2020-07-06,2020-07-21,3260
296,25/01/2020 15:13:51,POA,PUJ,2020-07-06,2020-07-22,3256
297,25/01/2020 15:13:51,POA,PUJ,2020-07-07,2020-07-16,3426
298,25/01/2020 15:13:51,POA,PUJ,2020-07-07,2020-07-17,3532
299,25/01/2020 15:13:51,POA,PUJ,2020-07-07,2020-07-18,3631
300,25/01/2020 15:13:51,POA,PUJ,2020-07-07,2020-07-19,3593
301,25/01/2020 15:13:51,POA,PUJ,2020-07-07,2020-07-20,3476
302,25/01/2020 15:13:51,POA,PUJ,2020-07-07,2020-07-21,3463
303,25/01/2020 15:13:51,POA,PUJ,2020-07-07,2020-07-22,3457
304,25/01/2020 15:13:54,POA,FEN,2020-07-04,2020-07-19,2719
305,25/01/2020 15:14:02,POA,CUR,2020-07-04,2020-07-19,3926
306,25/01/2020 15:14:13,POA,AUA,2020-07-04,2020-07-19,3995
307,25/01/2020 15:14:24,POA,GPS,2020-07-04,2020-07-19,4208
308,25/01/2020 15:14:37,POA,JNB,2020-07-04,2020-07-19,3514
309,25/01/2020 15:14:41,POA,RAI,2020-07-04,2020-07-19,5164
310,25/01/2020 15:14:55,GRU,ATL,2020-07-03,2020-07-19,4828
311,25/01/2020 15:14:55,GRU,ATL,2020-07-04,2020-07-19,4805
312,25/01/2020 15:14:55,GRU,MIA,2020-07-01,2020-07-16,3376
313,25/01/2020 15:14:55,GRU,MIA,2020-07-01,2020-07-17,3466
314,25/01/2020 15:14:55,GRU,MIA,2020-07-01,2020-07-18,3451
315,25/01/2020 15:14:55,GRU,MIA,2020-07-01,2020-07-19,3429
316,25/01/2020 15:14:55,GRU,MIA,2020-07-01,2020-07-20,3384
317,25/01/2020 15:14:55,GRU,MIA,2020-07-01,2020-07-21,3289
318,25/01/2020 15:14:55,GRU,MIA,2020-07-01,2020-07-22,3140
319,25/01/2020 15:14:55,GRU,MIA,2020-07-02,2020-07-16,3573
320,25/01/2020 15:14:55,GRU,MIA,2020-07-02,2020-07-17,3480
321,25/01/2020 15:14:55,GRU,MIA,2020-07-02,2020-07-18,3470
322,25/01/2020 15:14:55,GRU,MIA,2020-07-02,2020-07-19,3443
323,25/01/2020 15:14:55,GRU,MIA,2020-07-02,2020-07-20,3478
324,25/01/2020 15:14:55,GRU,MIA,2020-07-02,2020-07-21,3432
325,25/01/2020 15:14:55,GRU,MIA,2020-07-02,2020-07-22,3386
326,25/01/2020 15:14:55,GRU,MIA,2020-07-03,2020-07-16,3438
327,25/01/2020 15:14:55,GRU,MIA,2020-07-03,2020-07-17,3379
328,25/01/2020 15:14:55,GRU,MIA,2020-07-03,2020-07-18,3592
329,25/01/2020 15:14:55,GRU,MIA,2020-07-03,2020-07-19,3323
330,25/01/2020 15:14:55,GRU,MIA,2020-07-03,2020-07-20,3511
331,25/01/2020 15:14:55,GRU,MIA,2020-07-03,2020-07-21,3520
332,25/01/2020 15:14:55,GRU,MIA,2020-07-03,2020-07-22,3456
333,25/01/2020 15:14:55,GRU,MIA,2020-07-04,2020-07-16,3462
334,25/01/2020 15:14:55,GRU,MIA,2020-07-04,2020-07-17,3403
335,25/01/2020 15:14:55,GRU,MIA,2020-07-04,2020-07-18,3681
336,25/01/2020 15:14:55,GRU,MIA,2020-07-04,2020-07-19,3190
337,25/01/2020 15:14:55,GRU,MIA,2020-07-04,2020-07-20,3562
338,25/01/2020 15:14:55,GRU,MIA,2020-07-04,2020-07-21,3561
339,25/01/2020 15:14:55,GRU,MIA,2020-07-04,2020-07-22,3522
340,25/01/2020 15:14:55,GRU,MIA,2020-07-05,2020-07-16,3511
341,25/01/2020 15:14:55,GRU,MIA,2020-07-05,2020-07-17,3437
342,25/01/2020 15:14:55,GRU,MIA,2020-07-05,2020-07-18,3825
343,25/01/2020 15:14:55,GRU,MIA,2020-07-05,2020-07-19,3157
344,25/01/2020 15:14:55,GRU,MIA,2020-07-05,2020-07-20,3591
345,25/01/2020 15:14:55,GRU,MIA,2020-07-05,2020-07-21,3555
346,25/01/2020 15:14:55,GRU,MIA,2020-07-05,2020-07-22,3555
347,25/01/2020 15:14:55,GRU,MIA,2020-07-06,2020-07-16,3414
348,25/01/2020 15:14:55,GRU,MIA,2020-07-06,2020-07-17,3506
349,25/01/2020 15:14:55,GRU,MIA,2020-07-06,2020-07-18,3536
350,25/01/2020 15:14:55,GRU,MIA,2020-07-06,2020-07-19,3159
351,25/01/2020 15:14:55,GRU,MIA,2020-07-06,2020-07-20,3572
352,25/01/2020 15:14:55,GRU,MIA,2020-07-06,2020-07-21,3384
353,25/01/2020 15:14:55,GRU,MIA,2020-07-06,2020-07-22,3407
354,25/01/2020 15:14:55,GRU,MIA,2020-07-07,2020-07-16,3383
355,25/01/2020 15:14:55,GRU,MIA,2020-07-07,2020-07-17,3520
356,25/01/2020 15:14:55,GRU,MIA,2020-07-07,2020-07-18,3529
357,25/01/2020 15:14:55,GRU,MIA,2020-07-07,2020-07-19,3183
358,25/01/2020 15:14:55,GRU,MIA,2020-07-07,2020-07-20,3488
359,25/01/2020 15:14:55,GRU,MIA,2020-07-07,2020-07-21,3345
360,25/01/2020 15:14:55,GRU,MIA,2020-07-07,2020-07-22,3496
361,25/01/2020 15:14:56,GRU,MDZ,2020-07-01,2020-07-16,1650
362,25/01/2020 15:14:56,GRU,MDZ,2020-07-01,2020-07-17,1683
363,25/01/2020 15:14:56,GRU,MDZ,2020-07-01,2020-07-18,1693
364,25/01/2020 15:14:56,GRU,MDZ,2020-07-01,2020-07-19,1697
365,25/01/2020 15:14:56,GRU,MDZ,2020-07-01,2020-07-20,1676
366,25/01/2020 15:14:56,GRU,MDZ,2020-07-01,2020-07-21,1658
367,25/01/2020 15:14:56,GRU,MDZ,2020-07-01,2020-07-22,1651
368,25/01/2020 15:14:56,GRU,MDZ,2020-07-02,2020-07-16,1680
369,25/01/2020 15:14:56,GRU,MDZ,2020-07-02,2020-07-17,1704
370,25/01/2020 15:14:56,GRU,MDZ,2020-07-02,2020-07-18,1718
371,25/01/2020 15:14:56,GRU,MDZ,2020-07-02,2020-07-19,1715
372,25/01/2020 15:14:56,GRU,MDZ,2020-07-02,2020-07-20,1692
373,25/01/2020 15:14:56,GRU,MDZ,2020-07-02,2020-07-21,1682
374,25/01/2020 15:14:56,GRU,MDZ,2020-07-02,2020-07-22,1680
375,25/01/2020 15:14:56,GRU,MDZ,2020-07-03,2020-07-16,1690
376,25/01/2020 15:14:56,GRU,MDZ,2020-07-03,2020-07-17,1702
377,25/01/2020 15:14:56,GRU,MDZ,2020-07-03,2020-07-18,1721
378,25/01/2020 15:14:56,GRU,MDZ,2020-07-03,2020-07-19,1704
379,25/01/2020 15:14:56,GRU,MDZ,2020-07-03,2020-07-20,1692
380,25/01/2020 15:14:56,GRU,MDZ,2020-07-03,2020-07-21,1681
381,25/01/2020 15:14:56,GRU,MDZ,2020-07-03,2020-07-22,1679
382,25/01/2020 15:14:56,GRU,MDZ,2020-07-04,2020-07-16,1731
383,25/01/2020 15:14:56,GRU,MDZ,2020-07-04,2020-07-17,1744
384,25/01/2020 15:14:56,GRU,MDZ,2020-07-04,2020-07-18,1771
385,25/01/2020 15:14:56,GRU,MDZ,2020-07-04,2020-07-19,1738
386,25/01/2020 15:14:56,GRU,MDZ,2020-07-04,2020-07-20,1721
387,25/01/2020 15:14:56,GRU,MDZ,2020-07-04,2020-07-21,1710
388,25/01/2020 15:14:56,GRU,MDZ,2020-07-04,2020-07-22,1708
389,25/01/2020 15:14:56,GRU,MDZ,2020-07-05,2020-07-16,1720
390,25/01/2020 15:14:56,GRU,MDZ,2020-07-05,2020-07-17,1726
391,25/01/2020 15:14:56,GRU,MDZ,2020-07-05,2020-07-18,1777
392,25/01/2020 15:14:56,GRU,MDZ,2020-07-05,2020-07-19,1760
393,25/01/2020 15:14:56,GRU,MDZ,2020-07-05,2020-07-20,1696
394,25/01/2020 15:14:56,GRU,MDZ,2020-07-05,2020-07-21,1698
395,25/01/2020 15:14:56,GRU,MDZ,2020-07-05,2020-07-22,1696
396,25/01/2020 15:14:56,GRU,MDZ,2020-07-06,2020-07-16,1691
397,25/01/2020 15:14:56,GRU,MDZ,2020-07-06,2020-07-17,1742
398,25/01/2020 15:14:56,GRU,MDZ,2020-07-06,2020-07-18,1817
399,25/01/2020 15:14:56,GRU,MDZ,2020-07-06,2020-07-19,1834
400,25/01/2020 15:14:56,GRU,MDZ,2020-07-06,2020-07-20,1736
401,25/01/2020 15:14:56,GRU,MDZ,2020-07-06,2020-07-21,1724
402,25/01/2020 15:14:56,GRU,MDZ,2020-07-06,2020-07-22,1694
403,25/01/2020 15:14:56,GRU,MDZ,2020-07-07,2020-07-16,1779
404,25/01/2020 15:14:56,GRU,MDZ,2020-07-07,2020-07-17,1782
405,25/01/2020 15:14:56,GRU,MDZ,2020-07-07,2020-07-18,1841
406,25/01/2020 15:14:56,GRU,MDZ,2020-07-07,2020-07-19,1885
407,25/01/2020 15:14:56,GRU,MDZ,2020-07-07,2020-07-20,1810
408,25/01/2020 15:14:56,GRU,MDZ,2020-07-07,2020-07-21,1811
409,25/01/2020 15:14:56,GRU,MDZ,2020-07-07,2020-07-22,1777
410,25/01/2020 15:14:57,GRU,BRC,2020-07-01,2020-07-16,1968
411,25/01/2020 15:14:57,GRU,BRC,2020-07-01,2020-07-17,1992
412,25/01/2020 15:14:57,GRU,BRC,2020-07-01,2020-07-18,2081
413,25/01/2020 15:14:57,GRU,BRC,2020-07-01,2020-07-19,2090
414,25/01/2020 15:14:57,GRU,BRC,2020-07-01,2020-07-20,2002
415,25/01/2020 15:14:57,GRU,BRC,2020-07-01,2020-07-21,2001
416,25/01/2020 15:14:57,GRU,BRC,2020-07-01,2020-07-22,1989
417,25/01/2020 15:14:57,GRU,BRC,2020-07-02,2020-07-16,1988
418,25/01/2020 15:14:57,GRU,BRC,2020-07-02,2020-07-17,1982
419,25/01/2020 15:14:57,GRU,BRC,2020-07-02,2020-07-18,2087
420,25/01/2020 15:14:57,GRU,BRC,2020-07-02,2020-07-19,2098
421,25/01/2020 15:14:57,GRU,BRC,2020-07-02,2020-07-20,1991
422,25/01/2020 15:14:57,GRU,BRC,2020-07-02,2020-07-21,1989
423,25/01/2020 15:14:57,GRU,BRC,2020-07-02,2020-07-22,1991
424,25/01/2020 15:14:57,GRU,BRC,2020-07-03,2020-07-16,2008
425,25/01/2020 15:14:57,GRU,BRC,2020-07-03,2020-07-17,2007
426,25/01/2020 15:14:57,GRU,BRC,2020-07-03,2020-07-18,2097
427,25/01/2020 15:14:57,GRU,BRC,2020-07-03,2020-07-19,2101
428,25/01/2020 15:14:57,GRU,BRC,2020-07-03,2020-07-20,2004
429,25/01/2020 15:14:57,GRU,BRC,2020-07-03,2020-07-21,2006
430,25/01/2020 15:14:57,GRU,BRC,2020-07-03,2020-07-22,2007
431,25/01/2020 15:14:57,GRU,BRC,2020-07-04,2020-07-16,2012
432,25/01/2020 15:14:57,GRU,BRC,2020-07-04,2020-07-17,2017
433,25/01/2020 15:14:57,GRU,BRC,2020-07-04,2020-07-18,2118
434,25/01/2020 15:14:57,GRU,BRC,2020-07-04,2020-07-19,2113
435,25/01/2020 15:14:57,GRU,BRC,2020-07-04,2020-07-20,2001
436,25/01/2020 15:14:57,GRU,BRC,2020-07-04,2020-07-21,2004
437,25/01/2020 15:14:57,GRU,BRC,2020-07-04,2020-07-22,2005
438,25/01/2020 15:14:57,GRU,BRC,2020-07-05,2020-07-16,2047
439,25/01/2020 15:14:57,GRU,BRC,2020-07-05,2020-07-17,2058
440,25/01/2020 15:14:57,GRU,BRC,2020-07-05,2020-07-18,2155
441,25/01/2020 15:14:57,GRU,BRC,2020-07-05,2020-07-19,2179
442,25/01/2020 15:14:57,GRU,BRC,2020-07-05,2020-07-20,2024
443,25/01/2020 15:14:57,GRU,BRC,2020-07-05,2020-07-21,2023
444,25/01/2020 15:14:57,GRU,BRC,2020-07-05,2020-07-22,2035
445,25/01/2020 15:14:57,GRU,BRC,2020-07-06,2020-07-16,2068
446,25/01/2020 15:14:57,GRU,BRC,2020-07-06,2020-07-17,2064
447,25/01/2020 15:14:57,GRU,BRC,2020-07-06,2020-07-18,2161
448,25/01/2020 15:14:57,GRU,BRC,2020-07-06,2020-07-19,2226
449,25/01/2020 15:14:57,GRU,BRC,2020-07-06,2020-07-20,2067
450,25/01/2020 15:14:57,GRU,BRC,2020-07-06,2020-07-21,2058
451,25/01/2020 15:14:57,GRU,BRC,2020-07-06,2020-07-22,2048
452,25/01/2020 15:14:57,GRU,BRC,2020-07-07,2020-07-16,2073
453,25/01/2020 15:14:57,GRU,BRC,2020-07-07,2020-07-17,2114
454,25/01/2020 15:14:57,GRU,BRC,2020-07-07,2020-07-18,2236
455,25/01/2020 15:14:57,GRU,BRC,2020-07-07,2020-07-19,2284
456,25/01/2020 15:14:57,GRU,BRC,2020-07-07,2020-07-20,2158
457,25/01/2020 15:14:57,GRU,BRC,2020-07-07,2020-07-21,2119
458,25/01/2020 15:14:57,GRU,BRC,2020-07-07,2020-07-22,2087
459,25/01/2020 15:14:57,GRU,LIM,2020-07-01,2020-07-16,2030
460,25/01/2020 15:14:57,GRU,LIM,2020-07-01,2020-07-17,2051
461,25/01/2020 15:14:57,GRU,LIM,2020-07-01,2020-07-18,2020
462,25/01/2020 15:14:57,GRU,LIM,2020-07-01,2020-07-19,2023
463,25/01/2020 15:14:57,GRU,LIM,2020-07-01,2020-07-20,1986
464,25/01/2020 15:14:57,GRU,LIM,2020-07-01,2020-07-21,1988
465,25/01/2020 15:14:57,GRU,LIM,2020-07-01,2020-07-22,1997
466,25/01/2020 15:14:57,GRU,LIM,2020-07-02,2020-07-16,1995
467,25/01/2020 15:14:57,GRU,LIM,2020-07-02,2020-07-17,2009
468,25/01/2020 15:14:57,GRU,LIM,2020-07-02,2020-07-18,1996
469,25/01/2020 15:14:57,GRU,LIM,2020-07-02,2020-07-19,1996
470,25/01/2020 15:14:57,GRU,LIM,2020-07-02,2020-07-20,1971
471,25/01/2020 15:14:57,GRU,LIM,2020-07-02,2020-07-21,1972
472,25/01/2020 15:14:57,GRU,LIM,2020-07-02,2020-07-22,1974
473,25/01/2020 15:14:57,GRU,LIM,2020-07-03,2020-07-16,2095
474,25/01/2020 15:14:57,GRU,LIM,2020-07-03,2020-07-17,2072
475,25/01/2020 15:14:57,GRU,LIM,2020-07-03,2020-07-18,2024
476,25/01/2020 15:14:57,GRU,LIM,2020-07-03,2020-07-19,2027
477,25/01/2020 15:14:57,GRU,LIM,2020-07-03,2020-07-20,2069
478,25/01/2020 15:14:57,GRU,LIM,2020-07-03,2020-07-21,2070
479,25/01/2020 15:14:57,GRU,LIM,2020-07-03,2020-07-22,2072
480,25/01/2020 15:14:57,GRU,LIM,2020-07-04,2020-07-16,2112
481,25/01/2020 15:14:57,GRU,LIM,2020-07-04,2020-07-17,2087
482,25/01/2020 15:14:57,GRU,LIM,2020-07-04,2020-07-18,2181
483,25/01/2020 15:14:57,GRU,LIM,2020-07-04,2020-07-19,2039
484,25/01/2020 15:14:57,GRU,LIM,2020-07-04,2020-07-20,2071
485,25/01/2020 15:14:57,GRU,LIM,2020-07-04,2020-07-21,2068
486,25/01/2020 15:14:57,GRU,LIM,2020-07-04,2020-07-22,2072
487,25/01/2020 15:14:57,GRU,LIM,2020-07-05,2020-07-16,2095
488,25/01/2020 15:14:57,GRU,LIM,2020-07-05,2020-07-17,2097
489,25/01/2020 15:14:57,GRU,LIM,2020-07-05,2020-07-18,2088
490,25/01/2020 15:14:57,GRU,LIM,2020-07-05,2020-07-19,2094
491,25/01/2020 15:14:57,GRU,LIM,2020-07-05,2020-07-20,2076
492,25/01/2020 15:14:57,GRU,LIM,2020-07-05,2020-07-21,2067
493,25/01/2020 15:14:57,GRU,LIM,2020-07-05,2020-07-22,2046
494,25/01/2020 15:14:57,GRU,LIM,2020-07-06,2020-07-16,1917
495,25/01/2020 15:14:57,GRU,LIM,2020-07-06,2020-07-17,1992
496,25/01/2020 15:14:57,GRU,LIM,2020-07-06,2020-07-18,1999
497,25/01/2020 15:14:57,GRU,LIM,2020-07-06,2020-07-19,2022
498,25/01/2020 15:14:57,GRU,LIM,2020-07-06,2020-07-20,2027
499,25/01/2020 15:14:57,GRU,LIM,2020-07-06,2020-07-21,1904
500,25/01/2020 15:14:57,GRU,LIM,2020-07-06,2020-07-22,1913
501,25/01/2020 15:14:57,GRU,LIM,2020-07-07,2020-07-16,1921
502,25/01/2020 15:14:57,GRU,LIM,2020-07-07,2020-07-17,1994
503,25/01/2020 15:14:57,GRU,LIM,2020-07-07,2020-07-18,1990
504,25/01/2020 15:14:57,GRU,LIM,2020-07-07,2020-07-19,2015
505,25/01/2020 15:14:57,GRU,LIM,2020-07-07,2020-07-20,1894
506,25/01/2020 15:14:57,GRU,LIM,2020-07-07,2020-07-21,1901
507,25/01/2020 15:14:57,GRU,LIM,2020-07-07,2020-07-22,1896
508,25/01/2020 15:14:58,GRU,CTG,2020-07-01,2020-07-16,2430
509,25/01/2020 15:14:58,GRU,CTG,2020-07-01,2020-07-17,2424
510,25/01/2020 15:14:58,GRU,CTG,2020-07-01,2020-07-18,2426
511,25/01/2020 15:14:58,GRU,CTG,2020-07-01,2020-07-19,2421
512,25/01/2020 15:14:58,GRU,CTG,2020-07-01,2020-07-20,2421
513,25/01/2020 15:14:58,GRU,CTG,2020-07-01,2020-07-21,2400
514,25/01/2020 15:14:58,GRU,CTG,2020-07-01,2020-07-22,2395
515,25/01/2020 15:14:58,GRU,CTG,2020-07-02,2020-07-16,2440
516,25/01/2020 15:14:58,GRU,CTG,2020-07-02,2020-07-17,2428
517,25/01/2020 15:14:58,GRU,CTG,2020-07-02,2020-07-18,2411
518,25/01/2020 15:14:58,GRU,CTG,2020-07-02,2020-07-19,2417
519,25/01/2020 15:14:58,GRU,CTG,2020-07-02,2020-07-20,2416
520,25/01/2020 15:14:58,GRU,CTG,2020-07-02,2020-07-21,2420
521,25/01/2020 15:14:58,GRU,CTG,2020-07-02,2020-07-22,2402
522,25/01/2020 15:14:58,GRU,CTG,2020-07-03,2020-07-16,2472
523,25/01/2020 15:14:58,GRU,CTG,2020-07-03,2020-07-17,2489
524,25/01/2020 15:14:58,GRU,CTG,2020-07-03,2020-07-18,2478
525,25/01/2020 15:14:58,GRU,CTG,2020-07-03,2020-07-19,2469
526,25/01/2020 15:14:58,GRU,CTG,2020-07-03,2020-07-20,2459
527,25/01/2020 15:14:58,GRU,CTG,2020-07-03,2020-07-21,2461
528,25/01/2020 15:14:58,GRU,CTG,2020-07-03,2020-07-22,2461
529,25/01/2020 15:14:58,GRU,CTG,2020-07-04,2020-07-16,2460
530,25/01/2020 15:14:58,GRU,CTG,2020-07-04,2020-07-17,2486
531,25/01/2020 15:14:58,GRU,CTG,2020-07-04,2020-07-18,2509
532,25/01/2020 15:14:58,GRU,CTG,2020-07-04,2020-07-19,2495
533,25/01/2020 15:14:58,GRU,CTG,2020-07-04,2020-07-20,2472
534,25/01/2020 15:14:58,GRU,CTG,2020-07-04,2020-07-21,2482
535,25/01/2020 15:14:58,GRU,CTG,2020-07-04,2020-07-22,2476
536,25/01/2020 15:14:58,GRU,CTG,2020-07-05,2020-07-16,2560
537,25/01/2020 15:14:58,GRU,CTG,2020-07-05,2020-07-17,2545
538,25/01/2020 15:14:58,GRU,CTG,2020-07-05,2020-07-18,2560
539,25/01/2020 15:14:58,GRU,CTG,2020-07-05,2020-07-19,2558
540,25/01/2020 15:14:58,GRU,CTG,2020-07-05,2020-07-20,2534
541,25/01/2020 15:14:58,GRU,CTG,2020-07-05,2020-07-21,2534
542,25/01/2020 15:14:58,GRU,CTG,2020-07-05,2020-07-22,2522
543,25/01/2020 15:14:58,GRU,CTG,2020-07-06,2020-07-16,2512
544,25/01/2020 15:14:58,GRU,CTG,2020-07-06,2020-07-17,2576
545,25/01/2020 15:14:58,GRU,CTG,2020-07-06,2020-07-18,2545
546,25/01/2020 15:14:58,GRU,CTG,2020-07-06,2020-07-19,2537
547,25/01/2020 15:14:58,GRU,CTG,2020-07-06,2020-07-20,2556
548,25/01/2020 15:14:58,GRU,CTG,2020-07-06,2020-07-21,2561
549,25/01/2020 15:14:58,GRU,CTG,2020-07-06,2020-07-22,2540
550,25/01/2020 15:14:58,GRU,CTG,2020-07-07,2020-07-16,2495
551,25/01/2020 15:14:58,GRU,CTG,2020-07-07,2020-07-17,2520
552,25/01/2020 15:14:58,GRU,CTG,2020-07-07,2020-07-18,2568
553,25/01/2020 15:14:58,GRU,CTG,2020-07-07,2020-07-19,2518
554,25/01/2020 15:14:58,GRU,CTG,2020-07-07,2020-07-20,2553
555,25/01/2020 15:14:58,GRU,CTG,2020-07-07,2020-07-21,2545
556,25/01/2020 15:14:58,GRU,CTG,2020-07-07,2020-07-22,2527
557,25/01/2020 15:15:09,GRU,ADZ,2020-07-03,2020-07-19,2893
558,25/01/2020 15:15:09,GRU,ADZ,2020-07-04,2020-07-19,2893
559,25/01/2020 15:15:09,GRU,FRA,2020-07-01,2020-07-16,4445
560,25/01/2020 15:15:09,GRU,FRA,2020-07-01,2020-07-17,4821
561,25/01/2020 15:15:09,GRU,FRA,2020-07-01,2020-07-18,4711
562,25/01/2020 15:15:09,GRU,FRA,2020-07-01,2020-07-19,4747
563,25/01/2020 15:15:09,GRU,FRA,2020-07-01,2020-07-20,4508
564,25/01/2020 15:15:09,GRU,FRA,2020-07-01,2020-07-21,4488
565,25/01/2020 15:15:09,GRU,FRA,2020-07-01,2020-07-22,4481
566,25/01/2020 15:15:09,GRU,FRA,2020-07-02,2020-07-16,4647
567,25/01/2020 15:15:09,GRU,FRA,2020-07-02,2020-07-17,4911
568,25/01/2020 15:15:09,GRU,FRA,2020-07-02,2020-07-18,4878
569,25/01/2020 15:15:09,GRU,FRA,2020-07-02,2020-07-19,4872
570,25/01/2020 15:15:09,GRU,FRA,2020-07-02,2020-07-20,5073
571,25/01/2020 15:15:09,GRU,FRA,2020-07-02,2020-07-21,4708
572,25/01/2020 15:15:09,GRU,FRA,2020-07-02,2020-07-22,4704
573,25/01/2020 15:15:09,GRU,FRA,2020-07-03,2020-07-16,4646
574,25/01/2020 15:15:09,GRU,FRA,2020-07-03,2020-07-17,5015
575,25/01/2020 15:15:09,GRU,FRA,2020-07-03,2020-07-18,5079
576,25/01/2020 15:15:09,GRU,FRA,2020-07-03,2020-07-19,5114
577,25/01/2020 15:15:09,GRU,FRA,2020-07-03,2020-07-20,5284
578,25/01/2020 15:15:09,GRU,FRA,2020-07-03,2020-07-21,4969
579,25/01/2020 15:15:09,GRU,FRA,2020-07-03,2020-07-22,4841
580,25/01/2020 15:15:09,GRU,FRA,2020-07-04,2020-07-16,5030
581,25/01/2020 15:15:09,GRU,FRA,2020-07-04,2020-07-17,5012
582,25/01/2020 15:15:09,GRU,FRA,2020-07-04,2020-07-18,5515
583,25/01/2020 15:15:09,GRU,FRA,2020-07-04,2020-07-19,5237
584,25/01/2020 15:15:09,GRU,FRA,2020-07-04,2020-07-20,4978
585,25/01/2020 15:15:09,GRU,FRA,2020-07-04,2020-07-21,5030
586,25/01/2020 15:15:09,GRU,FRA,2020-07-04,2020-07-22,4963
587,25/01/2020 15:15:09,GRU,FRA,2020-07-05,2020-07-16,4520
588,25/01/2020 15:15:09,GRU,FRA,2020-07-05,2020-07-17,4854
589,25/01/2020 15:15:09,GRU,FRA,2020-07-05,2020-07-18,4990
590,25/01/2020 15:15:09,GRU,FRA,2020-07-05,2020-07-19,5024
591,25/01/2020 15:15:09,GRU,FRA,2020-07-05,2020-07-20,4738
592,25/01/2020 15:15:09,GRU,FRA,2020-07-05,2020-07-21,4769
593,25/01/2020 15:15:09,GRU,FRA,2020-07-05,2020-07-22,4792
594,25/01/2020 15:15:09,GRU,FRA,2020-07-06,2020-07-16,4422
595,25/01/2020 15:15:09,GRU,FRA,2020-07-06,2020-07-17,4715
596,25/01/2020 15:15:09,GRU,FRA,2020-07-06,2020-07-18,5022
597,25/01/2020 15:15:09,GRU,FRA,2020-07-06,2020-07-19,5054
598,25/01/2020 15:15:09,GRU,FRA,2020-07-06,2020-07-20,4529
599,25/01/2020 15:15:09,GRU,FRA,2020-07-06,2020-07-21,4614
600,25/01/2020 15:15:09,GRU,FRA,2020-07-06,2020-07-22,4595
601,25/01/2020 15:15:09,GRU,FRA,2020-07-07,2020-07-16,4386
602,25/01/2020 15:15:09,GRU,FRA,2020-07-07,2020-07-17,4500
603,25/01/2020 15:15:09,GRU,FRA,2020-07-07,2020-07-18,4790
604,25/01/2020 15:15:09,GRU,FRA,2020-07-07,2020-07-19,5115
605,25/01/2020 15:15:09,GRU,FRA,2020-07-07,2020-07-20,4542
606,25/01/2020 15:15:09,GRU,FRA,2020-07-07,2020-07-21,4814
607,25/01/2020 15:15:09,GRU,FRA,2020-07-07,2020-07-22,4651
608,25/01/2020 15:15:10,GRU,LIS,2020-07-01,2020-07-16,3784
609,25/01/2020 15:15:10,GRU,LIS,2020-07-01,2020-07-17,4180
610,25/01/2020 15:15:10,GRU,LIS,2020-07-01,2020-07-18,4227
611,25/01/2020 15:15:10,GRU,LIS,2020-07-01,2020-07-19,4322
612,25/01/2020 15:15:10,GRU,LIS,2020-07-01,2020-07-20,3746
613,25/01/2020 15:15:10,GRU,LIS,2020-07-01,2020-07-21,4040
614,25/01/2020 15:15:10,GRU,LIS,2020-07-01,2020-07-22,4096
615,25/01/2020 15:15:10,GRU,LIS,2020-07-02,2020-07-16,3943
616,25/01/2020 15:15:10,GRU,LIS,2020-07-02,2020-07-17,4193
617,25/01/2020 15:15:10,GRU,LIS,2020-07-02,2020-07-18,4319
618,25/01/2020 15:15:10,GRU,LIS,2020-07-02,2020-07-19,4338
619,25/01/2020 15:15:10,GRU,LIS,2020-07-02,2020-07-20,4080
620,25/01/2020 15:15:10,GRU,LIS,2020-07-02,2020-07-21,4131
621,25/01/2020 15:15:10,GRU,LIS,2020-07-02,2020-07-22,4284
622,25/01/2020 15:15:10,GRU,LIS,2020-07-03,2020-07-16,4025
623,25/01/2020 15:15:10,GRU,LIS,2020-07-03,2020-07-17,4171
624,25/01/2020 15:15:10,GRU,LIS,2020-07-03,2020-07-18,4300
625,25/01/2020 15:15:10,GRU,LIS,2020-07-03,2020-07-19,4367
626,25/01/2020 15:15:10,GRU,LIS,2020-07-03,2020-07-20,4136
627,25/01/2020 15:15:10,GRU,LIS,2020-07-03,2020-07-21,4140
628,25/01/2020 15:15:10,GRU,LIS,2020-07-03,2020-07-22,4203
629,25/01/2020 15:15:10,GRU,LIS,2020-07-04,2020-07-16,4348
630,25/01/2020 15:15:10,GRU,LIS,2020-07-04,2020-07-17,4554
631,25/01/2020 15:15:10,GRU,LIS,2020-07-04,2020-07-18,4565
632,25/01/2020 15:15:10,GRU,LIS,2020-07-04,2020-07-19,4553
633,25/01/2020 15:15:10,GRU,LIS,2020-07-04,2020-07-20,4353
634,25/01/2020 15:15:10,GRU,LIS,2020-07-04,2020-07-21,4313
635,25/01/2020 15:15:10,GRU,LIS,2020-07-04,2020-07-22,4353
636,25/01/2020 15:15:10,GRU,LIS,2020-07-05,2020-07-16,4089
637,25/01/2020 15:15:10,GRU,LIS,2020-07-05,2020-07-17,4265
638,25/01/2020 15:15:10,GRU,LIS,2020-07-05,2020-07-18,4334
639,25/01/2020 15:15:10,GRU,LIS,2020-07-05,2020-07-19,4328
640,25/01/2020 15:15:10,GRU,LIS,2020-07-05,2020-07-20,4284
641,25/01/2020 15:15:10,GRU,LIS,2020-07-05,2020-07-21,4175
642,25/01/2020 15:15:10,GRU,LIS,2020-07-05,2020-07-22,4180
643,25/01/2020 15:15:10,GRU,LIS,2020-07-06,2020-07-16,3924
644,25/01/2020 15:15:10,GRU,LIS,2020-07-06,2020-07-17,3851
645,25/01/2020 15:15:10,GRU,LIS,2020-07-06,2020-07-18,4159
646,25/01/2020 15:15:10,GRU,LIS,2020-07-06,2020-07-19,4315
647,25/01/2020 15:15:10,GRU,LIS,2020-07-06,2020-07-20,3663
648,25/01/2020 15:15:10,GRU,LIS,2020-07-06,2020-07-21,4032
649,25/01/2020 15:15:10,GRU,LIS,2020-07-06,2020-07-22,3851
650,25/01/2020 15:15:10,GRU,LIS,2020-07-07,2020-07-16,4162
651,25/01/2020 15:15:10,GRU,LIS,2020-07-07,2020-07-17,4287
652,25/01/2020 15:15:10,GRU,LIS,2020-07-07,2020-07-18,4317
653,25/01/2020 15:15:10,GRU,LIS,2020-07-07,2020-07-19,4418
654,25/01/2020 15:15:10,GRU,LIS,2020-07-07,2020-07-20,4227
655,25/01/2020 15:15:10,GRU,LIS,2020-07-07,2020-07-21,4320
656,25/01/2020 15:15:10,GRU,LIS,2020-07-07,2020-07-22,4247
657,25/01/2020 15:15:11,GRU,CUN,2020-07-01,2020-07-16,3202
658,25/01/2020 15:15:11,GRU,CUN,2020-07-01,2020-07-17,3131
659,25/01/2020 15:15:11,GRU,CUN,2020-07-01,2020-07-18,3131
660,25/01/2020 15:15:11,GRU,CUN,2020-07-01,2020-07-19,3126
661,25/01/2020 15:15:11,GRU,CUN,2020-07-01,2020-07-20,3132
662,25/01/2020 15:15:11,GRU,CUN,2020-07-01,2020-07-21,3151
663,25/01/2020 15:15:11,GRU,CUN,2020-07-01,2020-07-22,3158
664,25/01/2020 15:15:11,GRU,CUN,2020-07-02,2020-07-16,3280
665,25/01/2020 15:15:11,GRU,CUN,2020-07-02,2020-07-17,3300
666,25/01/2020 15:15:11,GRU,CUN,2020-07-02,2020-07-18,3263
667,25/01/2020 15:15:11,GRU,CUN,2020-07-02,2020-07-19,3266
668,25/01/2020 15:15:11,GRU,CUN,2020-07-02,2020-07-20,3268
669,25/01/2020 15:15:11,GRU,CUN,2020-07-02,2020-07-21,3251
670,25/01/2020 15:15:11,GRU,CUN,2020-07-02,2020-07-22,3259
671,25/01/2020 15:15:11,GRU,CUN,2020-07-03,2020-07-16,3300
672,25/01/2020 15:15:11,GRU,CUN,2020-07-03,2020-07-17,3308
673,25/01/2020 15:15:11,GRU,CUN,2020-07-03,2020-07-18,3302
674,25/01/2020 15:15:11,GRU,CUN,2020-07-03,2020-07-19,3291
675,25/01/2020 15:15:11,GRU,CUN,2020-07-03,2020-07-20,3284
676,25/01/2020 15:15:11,GRU,CUN,2020-07-03,2020-07-21,3274
677,25/01/2020 15:15:11,GRU,CUN,2020-07-03,2020-07-22,3267
678,25/01/2020 15:15:11,GRU,CUN,2020-07-04,2020-07-16,3276
679,25/01/2020 15:15:11,GRU,CUN,2020-07-04,2020-07-17,3297
680,25/01/2020 15:15:11,GRU,CUN,2020-07-04,2020-07-18,3252
681,25/01/2020 15:15:11,GRU,CUN,2020-07-04,2020-07-19,3260
682,25/01/2020 15:15:11,GRU,CUN,2020-07-04,2020-07-20,3272
683,25/01/2020 15:15:11,GRU,CUN,2020-07-04,2020-07-21,3261
684,25/01/2020 15:15:11,GRU,CUN,2020-07-04,2020-07-22,3261
685,25/01/2020 15:15:11,GRU,CUN,2020-07-05,2020-07-16,3278
686,25/01/2020 15:15:11,GRU,CUN,2020-07-05,2020-07-17,3295
687,25/01/2020 15:15:11,GRU,CUN,2020-07-05,2020-07-18,3274
688,25/01/2020 15:15:11,GRU,CUN,2020-07-05,2020-07-19,3268
689,25/01/2020 15:15:11,GRU,CUN,2020-07-05,2020-07-20,3303
690,25/01/2020 15:15:11,GRU,CUN,2020-07-05,2020-07-21,3283
691,25/01/2020 15:15:11,GRU,CUN,2020-07-05,2020-07-22,3284
692,25/01/2020 15:15:11,GRU,CUN,2020-07-06,2020-07-16,3289
693,25/01/2020 15:15:11,GRU,CUN,2020-07-06,2020-07-17,3372
694,25/01/2020 15:15:11,GRU,CUN,2020-07-06,2020-07-18,3344
695,25/01/2020 15:15:11,GRU,CUN,2020-07-06,2020-07-19,3326
696,25/01/2020 15:15:11,GRU,CUN,2020-07-06,2020-07-20,3306
697,25/01/2020 15:15:11,GRU,CUN,2020-07-06,2020-07-21,3440
698,25/01/2020 15:15:11,GRU,CUN,2020-07-06,2020-07-22,3309
699,25/01/2020 15:15:11,GRU,CUN,2020-07-07,2020-07-16,3287
700,25/01/2020 15:15:11,GRU,CUN,2020-07-07,2020-07-17,3336
701,25/01/2020 15:15:11,GRU,CUN,2020-07-07,2020-07-18,3346
702,25/01/2020 15:15:11,GRU,CUN,2020-07-07,2020-07-19,3324
703,25/01/2020 15:15:11,GRU,CUN,2020-07-07,2020-07-20,3313
704,25/01/2020 15:15:11,GRU,CUN,2020-07-07,2020-07-21,3307
705,25/01/2020 15:15:11,GRU,CUN,2020-07-07,2020-07-22,3314
706,25/01/2020 15:15:11,GRU,PUJ,2020-07-01,2020-07-16,3350
707,25/01/2020 15:15:11,GRU,PUJ,2020-07-01,2020-07-17,3396
708,25/01/2020 15:15:11,GRU,PUJ,2020-07-01,2020-07-18,3377
709,25/01/2020 15:15:11,GRU,PUJ,2020-07-01,2020-07-19,3364
710,25/01/2020 15:15:11,GRU,PUJ,2020-07-01,2020-07-20,3313
711,25/01/2020 15:15:11,GRU,PUJ,2020-07-01,2020-07-21,3326
712,25/01/2020 15:15:11,GRU,PUJ,2020-07-01,2020-07-22,3337
713,25/01/2020 15:15:11,GRU,PUJ,2020-07-02,2020-07-16,3391
714,25/01/2020 15:15:11,GRU,PUJ,2020-07-02,2020-07-17,3435
715,25/01/2020 15:15:11,GRU,PUJ,2020-07-02,2020-07-18,3446
716,25/01/2020 15:15:11,GRU,PUJ,2020-07-02,2020-07-19,3419
717,25/01/2020 15:15:11,GRU,PUJ,2020-07-02,2020-07-20,3338
718,25/01/2020 15:15:11,GRU,PUJ,2020-07-02,2020-07-21,3376
719,25/01/2020 15:15:11,GRU,PUJ,2020-07-02,2020-07-22,3391
720,25/01/2020 15:15:11,GRU,PUJ,2020-07-03,2020-07-16,3447
721,25/01/2020 15:15:11,GRU,PUJ,2020-07-03,2020-07-17,3493
722,25/01/2020 15:15:11,GRU,PUJ,2020-07-03,2020-07-18,3494
723,25/01/2020 15:15:11,GRU,PUJ,2020-07-03,2020-07-19,3495
724,25/01/2020 15:15:11,GRU,PUJ,2020-07-03,2020-07-20,3392
725,25/01/2020 15:15:11,GRU,PUJ,2020-07-03,2020-07-21,3420
726,25/01/2020 15:15:11,GRU,PUJ,2020-07-03,2020-07-22,3429
727,25/01/2020 15:15:11,GRU,PUJ,2020-07-04,2020-07-16,3469
728,25/01/2020 15:15:11,GRU,PUJ,2020-07-04,2020-07-17,3515
729,25/01/2020 15:15:11,GRU,PUJ,2020-07-04,2020-07-18,3535
730,25/01/2020 15:15:11,GRU,PUJ,2020-07-04,2020-07-19,3524
731,25/01/2020 15:15:11,GRU,PUJ,2020-07-04,2020-07-20,3444
732,25/01/2020 15:15:11,GRU,PUJ,2020-07-04,2020-07-21,3458
733,25/01/2020 15:15:11,GRU,PUJ,2020-07-04,2020-07-22,3461
734,25/01/2020 15:15:11,GRU,PUJ,2020-07-05,2020-07-16,3474
735,25/01/2020 15:15:11,GRU,PUJ,2020-07-05,2020-07-17,3519
736,25/01/2020 15:15:11,GRU,PUJ,2020-07-05,2020-07-18,3533
737,25/01/2020 15:15:11,GRU,PUJ,2020-07-05,2020-07-19,3523
738,25/01/2020 15:15:11,GRU,PUJ,2020-07-05,2020-07-20,3456
739,25/01/2020 15:15:11,GRU,PUJ,2020-07-05,2020-07-21,3467
740,25/01/2020 15:15:11,GRU,PUJ,2020-07-05,2020-07-22,3476
741,25/01/2020 15:15:11,GRU,PUJ,2020-07-06,2020-07-16,3449
742,25/01/2020 15:15:11,GRU,PUJ,2020-07-06,2020-07-17,3525
743,25/01/2020 15:15:11,GRU,PUJ,2020-07-06,2020-07-18,3547
744,25/01/2020 15:15:11,GRU,PUJ,2020-07-06,2020-07-19,3520
745,25/01/2020 15:15:11,GRU,PUJ,2020-07-06,2020-07-20,3454
746,25/01/2020 15:15:11,GRU,PUJ,2020-07-06,2020-07-21,3491
747,25/01/2020 15:15:11,GRU,PUJ,2020-07-06,2020-07-22,3532
748,25/01/2020 15:15:11,GRU,PUJ,2020-07-07,2020-07-16,3487
749,25/01/2020 15:15:11,GRU,PUJ,2020-07-07,2020-07-17,3532
750,25/01/2020 15:15:11,GRU,PUJ,2020-07-07,2020-07-18,3570
751,25/01/2020 15:15:11,GRU,PUJ,2020-07-07,2020-07-19,3567
752,25/01/2020 15:15:11,GRU,PUJ,2020-07-07,2020-07-20,3483
753,25/01/2020 15:15:11,GRU,PUJ,2020-07-07,2020-07-21,3511
754,25/01/2020 15:15:11,GRU,PUJ,2020-07-07,2020-07-22,3521
755,25/01/2020 15:15:14,GRU,FEN,2020-07-04,2020-07-19,2307
756,25/01/2020 15:15:24,GRU,CUR,2020-07-04,2020-07-19,3297
757,25/01/2020 15:15:34,GRU,AUA,2020-07-04,2020-07-19,3596
758,25/01/2020 15:15:42,GRU,GPS,2020-07-04,2020-07-19,4389
759,25/01/2020 15:15:52,GRU,JNB,2020-07-04,2020-07-17,3532
760,25/01/2020 15:15:52,GRU,JNB,2020-07-04,2020-07-19,3644
761,25/01/2020 15:15:52,GRU,JNB,2020-07-06,2020-07-19,3309
762,25/01/2020 15:15:59,GRU,RAI,2020-07-04,2020-07-19,4479
763,25/01/2020 15:16:13,GIG,ATL,2020-07-03,2020-07-19,4941
764,25/01/2020 15:16:13,GIG,ATL,2020-07-04,2020-07-19,4941
765,25/01/2020 15:16:13,GIG,MIA,2020-07-01,2020-07-16,3356
766,25/01/2020 15:16:13,GIG,MIA,2020-07-01,2020-07-17,3440
767,25/01/2020 15:16:13,GIG,MIA,2020-07-01,2020-07-18,3425
768,25/01/2020 15:16:13,GIG,MIA,2020-07-01,2020-07-19,3414
769,25/01/2020 15:16:13,GIG,MIA,2020-07-01,2020-07-20,3378
770,25/01/2020 15:16:13,GIG,MIA,2020-07-01,2020-07-21,3362
771,25/01/2020 15:16:13,GIG,MIA,2020-07-01,2020-07-22,3381
772,25/01/2020 15:16:13,GIG,MIA,2020-07-02,2020-07-16,3288
773,25/01/2020 15:16:13,GIG,MIA,2020-07-02,2020-07-17,3319
774,25/01/2020 15:16:13,GIG,MIA,2020-07-02,2020-07-18,3328
775,25/01/2020 15:16:13,GIG,MIA,2020-07-02,2020-07-19,3313
776,25/01/2020 15:16:13,GIG,MIA,2020-07-02,2020-07-20,3294
777,25/01/2020 15:16:13,GIG,MIA,2020-07-02,2020-07-21,3352
778,25/01/2020 15:16:13,GIG,MIA,2020-07-02,2020-07-22,3319
779,25/01/2020 15:16:13,GIG,MIA,2020-07-03,2020-07-16,3372
780,25/01/2020 15:16:13,GIG,MIA,2020-07-03,2020-07-17,3427
781,25/01/2020 15:16:13,GIG,MIA,2020-07-03,2020-07-18,3419
782,25/01/2020 15:16:13,GIG,MIA,2020-07-03,2020-07-19,3421
783,25/01/2020 15:16:13,GIG,MIA,2020-07-03,2020-07-20,3382
784,25/01/2020 15:16:13,GIG,MIA,2020-07-03,2020-07-21,3429
785,25/01/2020 15:16:13,GIG,MIA,2020-07-03,2020-07-22,3489
786,25/01/2020 15:16:13,GIG,MIA,2020-07-04,2020-07-16,3470
787,25/01/2020 15:16:13,GIG,MIA,2020-07-04,2020-07-17,3460
788,25/01/2020 15:16:13,GIG,MIA,2020-07-04,2020-07-18,3454
789,25/01/2020 15:16:13,GIG,MIA,2020-07-04,2020-07-19,3452
790,25/01/2020 15:16:13,GIG,MIA,2020-07-04,2020-07-20,3384
791,25/01/2020 15:16:13,GIG,MIA,2020-07-04,2020-07-21,3460
792,25/01/2020 15:16:13,GIG,MIA,2020-07-04,2020-07-22,3484
793,25/01/2020 15:16:13,GIG,MIA,2020-07-05,2020-07-16,3555
794,25/01/2020 15:16:13,GIG,MIA,2020-07-05,2020-07-17,3534
795,25/01/2020 15:16:13,GIG,MIA,2020-07-05,2020-07-18,3509
796,25/01/2020 15:16:13,GIG,MIA,2020-07-05,2020-07-19,3514
797,25/01/2020 15:16:13,GIG,MIA,2020-07-05,2020-07-20,3379
798,25/01/2020 15:16:13,GIG,MIA,2020-07-05,2020-07-21,3460
799,25/01/2020 15:16:13,GIG,MIA,2020-07-05,2020-07-22,3530
800,25/01/2020 15:16:13,GIG,MIA,2020-07-06,2020-07-16,3491
801,25/01/2020 15:16:13,GIG,MIA,2020-07-06,2020-07-17,3564
802,25/01/2020 15:16:13,GIG,MIA,2020-07-06,2020-07-18,3540
803,25/01/2020 15:16:13,GIG,MIA,2020-07-06,2020-07-19,3546
804,25/01/2020 15:16:13,GIG,MIA,2020-07-06,2020-07-20,3393
805,25/01/2020 15:16:13,GIG,MIA,2020-07-06,2020-07-21,3469
806,25/01/2020 15:16:13,GIG,MIA,2020-07-06,2020-07-22,3539
807,25/01/2020 15:16:13,GIG,MIA,2020-07-07,2020-07-16,3460
808,25/01/2020 15:16:13,GIG,MIA,2020-07-07,2020-07-17,3910
809,25/01/2020 15:16:13,GIG,MIA,2020-07-07,2020-07-18,3548
810,25/01/2020 15:16:13,GIG,MIA,2020-07-07,2020-07-19,3548
811,25/01/2020 15:16:13,GIG,MIA,2020-07-07,2020-07-20,3421
812,25/01/2020 15:16:13,GIG,MIA,2020-07-07,2020-07-21,3491
813,25/01/2020 15:16:13,GIG,MIA,2020-07-07,2020-07-22,3514
814,25/01/2020 15:16:25,GIG,MDZ,2020-07-03,2020-07-19,1780
815,25/01/2020 15:16:25,GIG,MDZ,2020-07-04,2020-07-19,1708
816,25/01/2020 15:16:34,GIG,BRC,2020-07-03,2020-07-19,2227
817,25/01/2020 15:16:34,GIG,BRC,2020-07-04,2020-07-19,2280
818,25/01/2020 15:16:35,GIG,LIM,2020-07-01,2020-07-16,1626
819,25/01/2020 15:16:35,GIG,LIM,2020-07-01,2020-07-17,1624
820,25/01/2020 15:16:35,GIG,LIM,2020-07-01,2020-07-18,1624
821,25/01/2020 15:16:35,GIG,LIM,2020-07-01,2020-07-19,1628
822,25/01/2020 15:16:35,GIG,LIM,2020-07-01,2020-07-20,1732
823,25/01/2020 15:16:35,GIG,LIM,2020-07-01,2020-07-21,1705
824,25/01/2020 15:16:35,GIG,LIM,2020-07-01,2020-07-22,1621
825,25/01/2020 15:16:35,GIG,LIM,2020-07-02,2020-07-16,1700
826,25/01/2020 15:16:35,GIG,LIM,2020-07-02,2020-07-17,1706
827,25/01/2020 15:16:35,GIG,LIM,2020-07-02,2020-07-18,1704
828,25/01/2020 15:16:35,GIG,LIM,2020-07-02,2020-07-19,1712
829,25/01/2020 15:16:35,GIG,LIM,2020-07-02,2020-07-20,1759
830,25/01/2020 15:16:35,GIG,LIM,2020-07-02,2020-07-21,1753
831,25/01/2020 15:16:35,GIG,LIM,2020-07-02,2020-07-22,1699
832,25/01/2020 15:16:35,GIG,LIM,2020-07-03,2020-07-16,1765
833,25/01/2020 15:16:35,GIG,LIM,2020-07-03,2020-07-17,1779
834,25/01/2020 15:16:35,GIG,LIM,2020-07-03,2020-07-18,1777
835,25/01/2020 15:16:35,GIG,LIM,2020-07-03,2020-07-19,1782
836,25/01/2020 15:16:35,GIG,LIM,2020-07-03,2020-07-20,1784
837,25/01/2020 15:16:35,GIG,LIM,2020-07-03,2020-07-21,1786
838,25/01/2020 15:16:35,GIG,LIM,2020-07-03,2020-07-22,1757
839,25/01/2020 15:16:35,GIG,LIM,2020-07-04,2020-07-16,1777
840,25/01/2020 15:16:35,GIG,LIM,2020-07-04,2020-07-17,1791
841,25/01/2020 15:16:35,GIG,LIM,2020-07-04,2020-07-18,1793
842,25/01/2020 15:16:35,GIG,LIM,2020-07-04,2020-07-19,1798
843,25/01/2020 15:16:35,GIG,LIM,2020-07-04,2020-07-20,1783
844,25/01/2020 15:16:35,GIG,LIM,2020-07-04,2020-07-21,1786
845,25/01/2020 15:16:35,GIG,LIM,2020-07-04,2020-07-22,1778
846,25/01/2020 15:16:35,GIG,LIM,2020-07-05,2020-07-16,1857
847,25/01/2020 15:16:35,GIG,LIM,2020-07-05,2020-07-17,1864
848,25/01/2020 15:16:35,GIG,LIM,2020-07-05,2020-07-18,1867
849,25/01/2020 15:16:35,GIG,LIM,2020-07-05,2020-07-19,1875
850,25/01/2020 15:16:35,GIG,LIM,2020-07-05,2020-07-20,1824
851,25/01/2020 15:16:35,GIG,LIM,2020-07-05,2020-07-21,1824
852,25/01/2020 15:16:35,GIG,LIM,2020-07-05,2020-07-22,1851
853,25/01/2020 15:16:35,GIG,LIM,2020-07-06,2020-07-16,1905
854,25/01/2020 15:16:35,GIG,LIM,2020-07-06,2020-07-17,1968
855,25/01/2020 15:16:35,GIG,LIM,2020-07-06,2020-07-18,1906
856,25/01/2020 15:16:35,GIG,LIM,2020-07-06,2020-07-19,1907
857,25/01/2020 15:16:35,GIG,LIM,2020-07-06,2020-07-20,1902
858,25/01/2020 15:16:35,GIG,LIM,2020-07-06,2020-07-21,1899
859,25/01/2020 15:16:35,GIG,LIM,2020-07-06,2020-07-22,1912
860,25/01/2020 15:16:35,GIG,LIM,2020-07-07,2020-07-16,1878
861,25/01/2020 15:16:35,GIG,LIM,2020-07-07,2020-07-17,1886
862,25/01/2020 15:16:35,GIG,LIM,2020-07-07,2020-07-18,1902
863,25/01/2020 15:16:35,GIG,LIM,2020-07-07,2020-07-19,1904
864,25/01/2020 15:16:35,GIG,LIM,2020-07-07,2020-07-20,1904
865,25/01/2020 15:16:35,GIG,LIM,2020-07-07,2020-07-21,1889
866,25/01/2020 15:16:35,GIG,LIM,2020-07-07,2020-07-22,1904
867,25/01/2020 15:16:43,GIG,CTG,2020-07-03,2020-07-19,2587
868,25/01/2020 15:16:43,GIG,CTG,2020-07-04,2020-07-19,2207
869,25/01/2020 15:16:52,GIG,ADZ,2020-07-03,2020-07-19,2663
870,25/01/2020 15:16:52,GIG,ADZ,2020-07-04,2020-07-19,2747
871,25/01/2020 15:17:01,GIG,FRA,2020-07-02,2020-07-22,4609
872,25/01/2020 15:17:01,GIG,FRA,2020-07-03,2020-07-19,4743
873,25/01/2020 15:17:01,GIG,FRA,2020-07-04,2020-07-19,4743
874,25/01/2020 15:17:02,GIG,LIS,2020-07-01,2020-07-16,3697
875,25/01/2020 15:17:02,GIG,LIS,2020-07-01,2020-07-17,3689
876,25/01/2020 15:17:02,GIG,LIS,2020-07-01,2020-07-18,3737
877,25/01/2020 15:17:02,GIG,LIS,2020-07-01,2020-07-19,3783
878,25/01/2020 15:17:02,GIG,LIS,2020-07-01,2020-07-20,3840
879,25/01/2020 15:17:02,GIG,LIS,2020-07-01,2020-07-21,3858
880,25/01/2020 15:17:02,GIG,LIS,2020-07-01,2020-07-22,3994
881,25/01/2020 15:17:02,GIG,LIS,2020-07-02,2020-07-16,3699
882,25/01/2020 15:17:02,GIG,LIS,2020-07-02,2020-07-17,3820
883,25/01/2020 15:17:02,GIG,LIS,2020-07-02,2020-07-18,3870
884,25/01/2020 15:17:02,GIG,LIS,2020-07-02,2020-07-19,3867
885,25/01/2020 15:17:02,GIG,LIS,2020-07-02,2020-07-20,3925
886,25/01/2020 15:17:02,GIG,LIS,2020-07-02,2020-07-21,3974
887,25/01/2020 15:17:02,GIG,LIS,2020-07-02,2020-07-22,3916
888,25/01/2020 15:17:02,GIG,LIS,2020-07-03,2020-07-16,3643
889,25/01/2020 15:17:02,GIG,LIS,2020-07-03,2020-07-17,3626
890,25/01/2020 15:17:02,GIG,LIS,2020-07-03,2020-07-18,3799
891,25/01/2020 15:17:02,GIG,LIS,2020-07-03,2020-07-19,3739
892,25/01/2020 15:17:02,GIG,LIS,2020-07-03,2020-07-20,3827
893,25/01/2020 15:17:02,GIG,LIS,2020-07-03,2020-07-21,3833
894,25/01/2020 15:17:02,GIG,LIS,2020-07-03,2020-07-22,3847
895,25/01/2020 15:17:02,GIG,LIS,2020-07-04,2020-07-16,3543
896,25/01/2020 15:17:02,GIG,LIS,2020-07-04,2020-07-17,3789
897,25/01/2020 15:17:02,GIG,LIS,2020-07-04,2020-07-18,4081
898,25/01/2020 15:17:02,GIG,LIS,2020-07-04,2020-07-19,3976
899,25/01/2020 15:17:02,GIG,LIS,2020-07-04,2020-07-20,3773
900,25/01/2020 15:17:02,GIG,LIS,2020-07-04,2020-07-21,3782
901,25/01/2020 15:17:02,GIG,LIS,2020-07-04,2020-07-22,3798
902,25/01/2020 15:17:02,GIG,LIS,2020-07-05,2020-07-16,3338
903,25/01/2020 15:17:02,GIG,LIS,2020-07-05,2020-07-17,3497
904,25/01/2020 15:17:02,GIG,LIS,2020-07-05,2020-07-18,3504
905,25/01/2020 15:17:02,GIG,LIS,2020-07-05,2020-07-19,3481
906,25/01/2020 15:17:02,GIG,LIS,2020-07-05,2020-07-20,3457
907,25/01/2020 15:17:02,GIG,LIS,2020-07-05,2020-07-21,3497
908,25/01/2020 15:17:02,GIG,LIS,2020-07-05,2020-07-22,3550
909,25/01/2020 15:17:02,GIG,LIS,2020-07-06,2020-07-16,3780
910,25/01/2020 15:17:02,GIG,LIS,2020-07-06,2020-07-17,4017
911,25/01/2020 15:17:02,GIG,LIS,2020-07-06,2020-07-18,4216
912,25/01/2020 15:17:02,GIG,LIS,2020-07-06,2020-07-19,4201
913,25/01/2020 15:17:02,GIG,LIS,2020-07-06,2020-07-20,3884
914,25/01/2020 15:17:02,GIG,LIS,2020-07-06,2020-07-21,3908
915,25/01/2020 15:17:02,GIG,LIS,2020-07-06,2020-07-22,3986
916,25/01/2020 15:17:02,GIG,LIS,2020-07-07,2020-07-16,3420
917,25/01/2020 15:17:02,GIG,LIS,2020-07-07,2020-07-17,4000
918,25/01/2020 15:17:02,GIG,LIS,2020-07-07,2020-07-18,4199
919,25/01/2020 15:17:02,GIG,LIS,2020-07-07,2020-07-19,4222
920,25/01/2020 15:17:02,GIG,LIS,2020-07-07,2020-07-20,3856
921,25/01/2020 15:17:02,GIG,LIS,2020-07-07,2020-07-21,3919
922,25/01/2020 15:17:02,GIG,LIS,2020-07-07,2020-07-22,3950
923,25/01/2020 15:17:02,GIG,CUN,2020-07-01,2020-07-16,3618
924,25/01/2020 15:17:02,GIG,CUN,2020-07-01,2020-07-17,3601
925,25/01/2020 15:17:02,GIG,CUN,2020-07-01,2020-07-18,3623
926,25/01/2020 15:17:02,GIG,CUN,2020-07-01,2020-07-19,3641
927,25/01/2020 15:17:02,GIG,CUN,2020-07-01,2020-07-20,3594
928,25/01/2020 15:17:02,GIG,CUN,2020-07-01,2020-07-21,3585
929,25/01/2020 15:17:02,GIG,CUN,2020-07-01,2020-07-22,3601
930,25/01/2020 15:17:02,GIG,CUN,2020-07-02,2020-07-16,3653
931,25/01/2020 15:17:02,GIG,CUN,2020-07-02,2020-07-17,3645
932,25/01/2020 15:17:02,GIG,CUN,2020-07-02,2020-07-18,3665
933,25/01/2020 15:17:02,GIG,CUN,2020-07-02,2020-07-19,3689
934,25/01/2020 15:17:02,GIG,CUN,2020-07-02,2020-07-20,3608
935,25/01/2020 15:17:02,GIG,CUN,2020-07-02,2020-07-21,3607
936,25/01/2020 15:17:02,GIG,CUN,2020-07-02,2020-07-22,3619
937,25/01/2020 15:17:02,GIG,CUN,2020-07-03,2020-07-16,3705
938,25/01/2020 15:17:02,GIG,CUN,2020-07-03,2020-07-17,3712
939,25/01/2020 15:17:02,GIG,CUN,2020-07-03,2020-07-18,3674
940,25/01/2020 15:17:02,GIG,CUN,2020-07-03,2020-07-19,3682
941,25/01/2020 15:17:02,GIG,CUN,2020-07-03,2020-07-20,3653
942,25/01/2020 15:17:02,GIG,CUN,2020-07-03,2020-07-21,3665
943,25/01/2020 15:17:02,GIG,CUN,2020-07-03,2020-07-22,3677
944,25/01/2020 15:17:02,GIG,CUN,2020-07-04,2020-07-16,3759
945,25/01/2020 15:17:02,GIG,CUN,2020-07-04,2020-07-17,3778
946,25/01/2020 15:17:02,GIG,CUN,2020-07-04,2020-07-18,3771
947,25/01/2020 15:17:02,GIG,CUN,2020-07-04,2020-07-19,3751
948,25/01/2020 15:17:02,GIG,CUN,2020-07-04,2020-07-20,3712
949,25/01/2020 15:17:02,GIG,CUN,2020-07-04,2020-07-21,3726
950,25/01/2020 15:17:02,GIG,CUN,2020-07-04,2020-07-22,3734
951,25/01/2020 15:17:02,GIG,CUN,2020-07-05,2020-07-16,3754
952,25/01/2020 15:17:02,GIG,CUN,2020-07-05,2020-07-17,3772
953,25/01/2020 15:17:02,GIG,CUN,2020-07-05,2020-07-18,3777
954,25/01/2020 15:17:02,GIG,CUN,2020-07-05,2020-07-19,3770
955,25/01/2020 15:17:02,GIG,CUN,2020-07-05,2020-07-20,3707
956,25/01/2020 15:17:02,GIG,CUN,2020-07-05,2020-07-21,3713
957,25/01/2020 15:17:02,GIG,CUN,2020-07-05,2020-07-22,3733
958,25/01/2020 15:17:02,GIG,CUN,2020-07-06,2020-07-16,3700
959,25/01/2020 15:17:02,GIG,CUN,2020-07-06,2020-07-17,3716
960,25/01/2020 15:17:02,GIG,CUN,2020-07-06,2020-07-18,3748
961,25/01/2020 15:17:02,GIG,CUN,2020-07-06,2020-07-19,3748
962,25/01/2020 15:17:02,GIG,CUN,2020-07-06,2020-07-20,3722
963,25/01/2020 15:17:02,GIG,CUN,2020-07-06,2020-07-21,3712
964,25/01/2020 15:17:02,GIG,CUN,2020-07-06,2020-07-22,3711
965,25/01/2020 15:17:02,GIG,CUN,2020-07-07,2020-07-16,3706
966,25/01/2020 15:17:02,GIG,CUN,2020-07-07,2020-07-17,3715
967,25/01/2020 15:17:02,GIG,CUN,2020-07-07,2020-07-18,3752
968,25/01/2020 15:17:02,GIG,CUN,2020-07-07,2020-07-19,3764
969,25/01/2020 15:17:02,GIG,CUN,2020-07-07,2020-07-20,3724
970,25/01/2020 15:17:02,GIG,CUN,2020-07-07,2020-07-21,3721
971,25/01/2020 15:17:02,GIG,CUN,2020-07-07,2020-07-22,3720
972,25/01/2020 15:17:12,GIG,PUJ,2020-07-04,2020-07-19,4336
973,25/01/2020 15:17:12,GIG,PUJ,2020-07-05,2020-07-18,4374
974,25/01/2020 15:17:15,GIG,FEN,2020-07-04,2020-07-19,2098
975,25/01/2020 15:17:22,GIG,CUR,2020-07-04,2020-07-19,3688
976,25/01/2020 15:17:33,GIG,AUA,2020-07-04,2020-07-19,3655
977,25/01/2020 15:17:43,GIG,GPS,2020-07-04,2020-07-19,4403
978,25/01/2020 15:17:54,GIG,JNB,2020-07-04,2020-07-19,3962
979,25/01/2020 15:18:01,GIG,RAI,2020-07-04,2020-07-19,4479
