,DataPesquisa,Ida,Volta,de,para,preco
0,16/01/2020 15:39:19,2020-07-05,2020-07-20,POA,ATL,6561
1,16/01/2020 15:39:20,2020-07-02,2020-07-17,POA,MIA,3834
2,16/01/2020 15:39:20,2020-07-02,2020-07-18,POA,MIA,3864
3,16/01/2020 15:39:20,2020-07-02,2020-07-19,POA,MIA,4003
4,16/01/2020 15:39:20,2020-07-02,2020-07-20,POA,MIA,3892
5,16/01/2020 15:39:20,2020-07-02,2020-07-21,POA,MIA,3922
6,16/01/2020 15:39:20,2020-07-02,2020-07-22,POA,MIA,3919
7,16/01/2020 15:39:20,2020-07-02,2020-07-23,POA,MIA,3928
8,16/01/2020 15:39:20,2020-07-03,2020-07-17,POA,MIA,3766
9,16/01/2020 15:39:20,2020-07-03,2020-07-18,POA,MIA,3781
10,16/01/2020 15:39:20,2020-07-03,2020-07-19,POA,MIA,3789
11,16/01/2020 15:39:20,2020-07-03,2020-07-20,POA,MIA,3748
12,16/01/2020 15:39:20,2020-07-03,2020-07-21,POA,MIA,3761
13,16/01/2020 15:39:20,2020-07-03,2020-07-22,POA,MIA,3781
14,16/01/2020 15:39:20,2020-07-03,2020-07-23,POA,MIA,3807
15,16/01/2020 15:39:20,2020-07-04,2020-07-17,POA,MIA,3781
16,16/01/2020 15:39:20,2020-07-04,2020-07-18,POA,MIA,3825
17,16/01/2020 15:39:20,2020-07-04,2020-07-19,POA,MIA,3823
18,16/01/2020 15:39:20,2020-07-04,2020-07-20,POA,MIA,3838
19,16/01/2020 15:39:20,2020-07-04,2020-07-21,POA,MIA,3878
20,16/01/2020 15:39:20,2020-07-04,2020-07-22,POA,MIA,3900
21,16/01/2020 15:39:20,2020-07-04,2020-07-23,POA,MIA,3923
22,16/01/2020 15:39:20,2020-07-05,2020-07-17,POA,MIA,3930
23,16/01/2020 15:39:20,2020-07-05,2020-07-18,POA,MIA,3889
24,16/01/2020 15:39:20,2020-07-05,2020-07-19,POA,MIA,3863
25,16/01/2020 15:39:20,2020-07-05,2020-07-20,POA,MIA,3948
26,16/01/2020 15:39:20,2020-07-05,2020-07-21,POA,MIA,3918
27,16/01/2020 15:39:20,2020-07-05,2020-07-22,POA,MIA,3939
28,16/01/2020 15:39:20,2020-07-05,2020-07-23,POA,MIA,3975
29,16/01/2020 15:39:20,2020-07-06,2020-07-17,POA,MIA,3940
30,16/01/2020 15:39:20,2020-07-06,2020-07-18,POA,MIA,4208
31,16/01/2020 15:39:20,2020-07-06,2020-07-19,POA,MIA,4052
32,16/01/2020 15:39:20,2020-07-06,2020-07-20,POA,MIA,3901
33,16/01/2020 15:39:20,2020-07-06,2020-07-21,POA,MIA,3836
34,16/01/2020 15:39:20,2020-07-06,2020-07-22,POA,MIA,3825
35,16/01/2020 15:39:20,2020-07-06,2020-07-23,POA,MIA,3838
36,16/01/2020 15:39:20,2020-07-07,2020-07-17,POA,MIA,3791
37,16/01/2020 15:39:20,2020-07-07,2020-07-18,POA,MIA,3890
38,16/01/2020 15:39:20,2020-07-07,2020-07-19,POA,MIA,3956
39,16/01/2020 15:39:20,2020-07-07,2020-07-20,POA,MIA,3881
40,16/01/2020 15:39:20,2020-07-07,2020-07-21,POA,MIA,3828
41,16/01/2020 15:39:20,2020-07-07,2020-07-22,POA,MIA,3798
42,16/01/2020 15:39:20,2020-07-07,2020-07-23,POA,MIA,3812
43,16/01/2020 15:39:20,2020-07-08,2020-07-17,POA,MIA,3827
44,16/01/2020 15:39:20,2020-07-08,2020-07-18,POA,MIA,3822
45,16/01/2020 15:39:20,2020-07-08,2020-07-19,POA,MIA,4047
46,16/01/2020 15:39:20,2020-07-08,2020-07-20,POA,MIA,3983
47,16/01/2020 15:39:20,2020-07-08,2020-07-21,POA,MIA,3941
48,16/01/2020 15:39:20,2020-07-08,2020-07-22,POA,MIA,3950
49,16/01/2020 15:39:20,2020-07-08,2020-07-23,POA,MIA,3943
50,16/01/2020 15:39:39,2020-07-02,2020-07-18,GRU,ATL,4830
51,16/01/2020 15:39:39,2020-07-05,2020-07-20,GRU,ATL,4788
52,16/01/2020 15:39:39,2020-07-07,2020-07-21,GRU,ATL,4726
53,16/01/2020 15:39:39,2020-07-07,2020-07-23,GRU,ATL,4749
54,16/01/2020 15:39:40,2020-07-02,2020-07-17,GRU,MIA,3795
55,16/01/2020 15:39:40,2020-07-02,2020-07-18,GRU,MIA,3625
56,16/01/2020 15:39:40,2020-07-02,2020-07-19,GRU,MIA,3587
57,16/01/2020 15:39:40,2020-07-02,2020-07-20,GRU,MIA,3450
58,16/01/2020 15:39:40,2020-07-02,2020-07-21,GRU,MIA,3441
59,16/01/2020 15:39:40,2020-07-02,2020-07-22,GRU,MIA,3518
60,16/01/2020 15:39:40,2020-07-02,2020-07-23,GRU,MIA,3372
61,16/01/2020 15:39:40,2020-07-03,2020-07-17,GRU,MIA,3625
62,16/01/2020 15:39:40,2020-07-03,2020-07-18,GRU,MIA,3770
63,16/01/2020 15:39:40,2020-07-03,2020-07-19,GRU,MIA,3609
64,16/01/2020 15:39:40,2020-07-03,2020-07-20,GRU,MIA,3529
65,16/01/2020 15:39:40,2020-07-03,2020-07-21,GRU,MIA,3519
66,16/01/2020 15:39:40,2020-07-03,2020-07-22,GRU,MIA,3426
67,16/01/2020 15:39:40,2020-07-03,2020-07-23,GRU,MIA,3450
68,16/01/2020 15:39:40,2020-07-04,2020-07-17,GRU,MIA,3683
69,16/01/2020 15:39:40,2020-07-04,2020-07-18,GRU,MIA,3770
70,16/01/2020 15:39:40,2020-07-04,2020-07-19,GRU,MIA,3770
71,16/01/2020 15:39:40,2020-07-04,2020-07-20,GRU,MIA,3644
72,16/01/2020 15:39:40,2020-07-04,2020-07-21,GRU,MIA,3522
73,16/01/2020 15:39:40,2020-07-04,2020-07-22,GRU,MIA,3446
74,16/01/2020 15:39:40,2020-07-04,2020-07-23,GRU,MIA,3494
75,16/01/2020 15:39:40,2020-07-05,2020-07-17,GRU,MIA,3625
76,16/01/2020 15:39:40,2020-07-05,2020-07-18,GRU,MIA,3770
77,16/01/2020 15:39:40,2020-07-05,2020-07-19,GRU,MIA,3596
78,16/01/2020 15:39:40,2020-07-05,2020-07-20,GRU,MIA,3477
79,16/01/2020 15:39:40,2020-07-05,2020-07-21,GRU,MIA,3481
80,16/01/2020 15:39:40,2020-07-05,2020-07-22,GRU,MIA,3398
81,16/01/2020 15:39:40,2020-07-05,2020-07-23,GRU,MIA,3436
82,16/01/2020 15:39:40,2020-07-06,2020-07-17,GRU,MIA,3449
83,16/01/2020 15:39:40,2020-07-06,2020-07-18,GRU,MIA,3372
84,16/01/2020 15:39:40,2020-07-06,2020-07-19,GRU,MIA,3380
85,16/01/2020 15:39:40,2020-07-06,2020-07-20,GRU,MIA,3311
86,16/01/2020 15:39:40,2020-07-06,2020-07-21,GRU,MIA,3372
87,16/01/2020 15:39:40,2020-07-06,2020-07-22,GRU,MIA,3130
88,16/01/2020 15:39:40,2020-07-06,2020-07-23,GRU,MIA,3301
89,16/01/2020 15:39:40,2020-07-07,2020-07-17,GRU,MIA,3514
90,16/01/2020 15:39:40,2020-07-07,2020-07-18,GRU,MIA,3510
91,16/01/2020 15:39:40,2020-07-07,2020-07-19,GRU,MIA,3580
92,16/01/2020 15:39:40,2020-07-07,2020-07-20,GRU,MIA,3519
93,16/01/2020 15:39:40,2020-07-07,2020-07-21,GRU,MIA,3268
94,16/01/2020 15:39:40,2020-07-07,2020-07-22,GRU,MIA,3323
95,16/01/2020 15:39:40,2020-07-07,2020-07-23,GRU,MIA,3518
96,16/01/2020 15:39:40,2020-07-08,2020-07-17,GRU,MIA,3558
97,16/01/2020 15:39:40,2020-07-08,2020-07-18,GRU,MIA,3599
98,16/01/2020 15:39:40,2020-07-08,2020-07-19,GRU,MIA,3580
99,16/01/2020 15:39:40,2020-07-08,2020-07-20,GRU,MIA,3518
100,16/01/2020 15:39:40,2020-07-08,2020-07-21,GRU,MIA,3330
101,16/01/2020 15:39:40,2020-07-08,2020-07-22,GRU,MIA,3442
102,16/01/2020 15:39:40,2020-07-08,2020-07-23,GRU,MIA,3421
103,16/01/2020 15:39:54,2020-07-05,2020-07-20,GIG,ATL,5343
104,16/01/2020 15:39:54,2020-07-02,2020-07-17,GIG,MIA,3388
105,16/01/2020 15:39:54,2020-07-02,2020-07-18,GIG,MIA,3398
106,16/01/2020 15:39:54,2020-07-02,2020-07-19,GIG,MIA,3382
107,16/01/2020 15:39:54,2020-07-02,2020-07-20,GIG,MIA,3419
108,16/01/2020 15:39:54,2020-07-02,2020-07-21,GIG,MIA,3428
109,16/01/2020 15:39:54,2020-07-02,2020-07-22,GIG,MIA,3933
110,16/01/2020 15:39:54,2020-07-02,2020-07-23,GIG,MIA,3415
111,16/01/2020 15:39:54,2020-07-03,2020-07-17,GIG,MIA,3343
112,16/01/2020 15:39:54,2020-07-03,2020-07-18,GIG,MIA,3392
113,16/01/2020 15:39:54,2020-07-03,2020-07-19,GIG,MIA,3392
114,16/01/2020 15:39:54,2020-07-03,2020-07-20,GIG,MIA,3447
115,16/01/2020 15:39:54,2020-07-03,2020-07-21,GIG,MIA,3458
116,16/01/2020 15:39:54,2020-07-03,2020-07-22,GIG,MIA,3452
117,16/01/2020 15:39:54,2020-07-03,2020-07-23,GIG,MIA,3464
118,16/01/2020 15:39:54,2020-07-04,2020-07-17,GIG,MIA,3449
119,16/01/2020 15:39:54,2020-07-04,2020-07-18,GIG,MIA,3413
120,16/01/2020 15:39:54,2020-07-04,2020-07-19,GIG,MIA,3401
121,16/01/2020 15:39:54,2020-07-04,2020-07-20,GIG,MIA,3443
122,16/01/2020 15:39:54,2020-07-04,2020-07-21,GIG,MIA,3452
123,16/01/2020 15:39:54,2020-07-04,2020-07-22,GIG,MIA,3448
124,16/01/2020 15:39:54,2020-07-04,2020-07-23,GIG,MIA,3484
125,16/01/2020 15:39:54,2020-07-05,2020-07-17,GIG,MIA,3410
126,16/01/2020 15:39:54,2020-07-05,2020-07-18,GIG,MIA,3369
127,16/01/2020 15:39:54,2020-07-05,2020-07-19,GIG,MIA,3324
128,16/01/2020 15:39:54,2020-07-05,2020-07-20,GIG,MIA,3412
129,16/01/2020 15:39:54,2020-07-05,2020-07-21,GIG,MIA,3455
130,16/01/2020 15:39:54,2020-07-05,2020-07-22,GIG,MIA,3450
131,16/01/2020 15:39:54,2020-07-05,2020-07-23,GIG,MIA,3462
132,16/01/2020 15:39:54,2020-07-06,2020-07-17,GIG,MIA,3469
133,16/01/2020 15:39:54,2020-07-06,2020-07-18,GIG,MIA,3447
134,16/01/2020 15:39:54,2020-07-06,2020-07-19,GIG,MIA,3375
135,16/01/2020 15:39:54,2020-07-06,2020-07-20,GIG,MIA,3560
136,16/01/2020 15:39:54,2020-07-06,2020-07-21,GIG,MIA,3556
137,16/01/2020 15:39:54,2020-07-06,2020-07-22,GIG,MIA,3521
138,16/01/2020 15:39:54,2020-07-06,2020-07-23,GIG,MIA,3510
139,16/01/2020 15:39:54,2020-07-07,2020-07-17,GIG,MIA,3505
140,16/01/2020 15:39:54,2020-07-07,2020-07-18,GIG,MIA,3472
141,16/01/2020 15:39:54,2020-07-07,2020-07-19,GIG,MIA,3443
142,16/01/2020 15:39:54,2020-07-07,2020-07-20,GIG,MIA,3599
143,16/01/2020 15:39:54,2020-07-07,2020-07-21,GIG,MIA,3608
144,16/01/2020 15:39:54,2020-07-07,2020-07-22,GIG,MIA,3547
145,16/01/2020 15:39:54,2020-07-07,2020-07-23,GIG,MIA,3554
146,16/01/2020 15:39:54,2020-07-08,2020-07-17,GIG,MIA,3618
147,16/01/2020 15:39:54,2020-07-08,2020-07-18,GIG,MIA,3543
148,16/01/2020 15:39:54,2020-07-08,2020-07-19,GIG,MIA,3500
149,16/01/2020 15:39:54,2020-07-08,2020-07-20,GIG,MIA,3658
150,16/01/2020 15:39:54,2020-07-08,2020-07-21,GIG,MIA,3650
151,16/01/2020 15:39:54,2020-07-08,2020-07-22,GIG,MIA,3633
152,16/01/2020 15:39:54,2020-07-08,2020-07-23,GIG,MIA,3640
153,16/01/2020 15:40:09,2020-07-05,2020-07-20,BSB,ATL,6080
154,16/01/2020 15:40:10,2020-07-02,2020-07-17,BSB,MIA,4009
155,16/01/2020 15:40:10,2020-07-02,2020-07-18,BSB,MIA,4080
156,16/01/2020 15:40:10,2020-07-02,2020-07-19,BSB,MIA,4127
157,16/01/2020 15:40:10,2020-07-02,2020-07-20,BSB,MIA,4004
158,16/01/2020 15:40:10,2020-07-02,2020-07-21,BSB,MIA,3971
159,16/01/2020 15:40:10,2020-07-02,2020-07-22,BSB,MIA,3943
160,16/01/2020 15:40:10,2020-07-02,2020-07-23,BSB,MIA,4019
161,16/01/2020 15:40:10,2020-07-03,2020-07-17,BSB,MIA,4032
162,16/01/2020 15:40:10,2020-07-03,2020-07-18,BSB,MIA,4143
163,16/01/2020 15:40:10,2020-07-03,2020-07-19,BSB,MIA,4159
164,16/01/2020 15:40:10,2020-07-03,2020-07-20,BSB,MIA,3974
165,16/01/2020 15:40:10,2020-07-03,2020-07-21,BSB,MIA,4022
166,16/01/2020 15:40:10,2020-07-03,2020-07-22,BSB,MIA,4015
167,16/01/2020 15:40:10,2020-07-03,2020-07-23,BSB,MIA,4062
168,16/01/2020 15:40:10,2020-07-04,2020-07-17,BSB,MIA,4101
169,16/01/2020 15:40:10,2020-07-04,2020-07-18,BSB,MIA,4061
170,16/01/2020 15:40:10,2020-07-04,2020-07-19,BSB,MIA,4159
171,16/01/2020 15:40:10,2020-07-04,2020-07-20,BSB,MIA,4013
172,16/01/2020 15:40:10,2020-07-04,2020-07-21,BSB,MIA,4041
173,16/01/2020 15:40:10,2020-07-04,2020-07-22,BSB,MIA,4023
174,16/01/2020 15:40:10,2020-07-04,2020-07-23,BSB,MIA,4071
175,16/01/2020 15:40:10,2020-07-05,2020-07-17,BSB,MIA,4083
176,16/01/2020 15:40:10,2020-07-05,2020-07-18,BSB,MIA,4095
177,16/01/2020 15:40:10,2020-07-05,2020-07-19,BSB,MIA,3994
178,16/01/2020 15:40:10,2020-07-05,2020-07-20,BSB,MIA,4023
179,16/01/2020 15:40:10,2020-07-05,2020-07-21,BSB,MIA,4017
180,16/01/2020 15:40:10,2020-07-05,2020-07-22,BSB,MIA,3972
181,16/01/2020 15:40:10,2020-07-05,2020-07-23,BSB,MIA,4027
182,16/01/2020 15:40:10,2020-07-06,2020-07-17,BSB,MIA,4025
183,16/01/2020 15:40:10,2020-07-06,2020-07-18,BSB,MIA,4030
184,16/01/2020 15:40:10,2020-07-06,2020-07-19,BSB,MIA,4055
185,16/01/2020 15:40:10,2020-07-06,2020-07-20,BSB,MIA,4128
186,16/01/2020 15:40:10,2020-07-06,2020-07-21,BSB,MIA,4085
187,16/01/2020 15:40:10,2020-07-06,2020-07-22,BSB,MIA,4037
188,16/01/2020 15:40:10,2020-07-06,2020-07-23,BSB,MIA,4087
189,16/01/2020 15:40:10,2020-07-07,2020-07-17,BSB,MIA,3953
190,16/01/2020 15:40:10,2020-07-07,2020-07-18,BSB,MIA,3978
191,16/01/2020 15:40:10,2020-07-07,2020-07-19,BSB,MIA,4001
192,16/01/2020 15:40:10,2020-07-07,2020-07-20,BSB,MIA,3972
193,16/01/2020 15:40:10,2020-07-07,2020-07-21,BSB,MIA,3901
194,16/01/2020 15:40:10,2020-07-07,2020-07-22,BSB,MIA,3969
195,16/01/2020 15:40:10,2020-07-07,2020-07-23,BSB,MIA,4019
196,16/01/2020 15:40:10,2020-07-08,2020-07-17,BSB,MIA,3915
197,16/01/2020 15:40:10,2020-07-08,2020-07-18,BSB,MIA,3923
198,16/01/2020 15:40:10,2020-07-08,2020-07-19,BSB,MIA,3971
199,16/01/2020 15:40:10,2020-07-08,2020-07-20,BSB,MIA,3965
200,16/01/2020 15:40:10,2020-07-08,2020-07-21,BSB,MIA,3892
201,16/01/2020 15:40:10,2020-07-08,2020-07-22,BSB,MIA,3836
202,16/01/2020 15:40:10,2020-07-08,2020-07-23,BSB,MIA,3973
203,16/01/2020 15:40:24,2020-07-05,2020-07-20,FOR,ATL,4988
204,16/01/2020 15:40:25,2020-07-02,2020-07-17,FOR,MIA,4025
205,16/01/2020 15:40:25,2020-07-02,2020-07-18,FOR,MIA,4168
206,16/01/2020 15:40:25,2020-07-02,2020-07-19,FOR,MIA,4042
207,16/01/2020 15:40:25,2020-07-02,2020-07-20,FOR,MIA,3982
208,16/01/2020 15:40:25,2020-07-02,2020-07-21,FOR,MIA,3933
209,16/01/2020 15:40:25,2020-07-02,2020-07-22,FOR,MIA,3931
210,16/01/2020 15:40:25,2020-07-02,2020-07-23,FOR,MIA,4050
211,16/01/2020 15:40:25,2020-07-03,2020-07-17,FOR,MIA,3979
212,16/01/2020 15:40:25,2020-07-03,2020-07-18,FOR,MIA,4903
213,16/01/2020 15:40:25,2020-07-03,2020-07-19,FOR,MIA,4079
214,16/01/2020 15:40:25,2020-07-03,2020-07-20,FOR,MIA,3934
215,16/01/2020 15:40:25,2020-07-03,2020-07-21,FOR,MIA,3904
216,16/01/2020 15:40:25,2020-07-03,2020-07-22,FOR,MIA,3910
217,16/01/2020 15:40:25,2020-07-03,2020-07-23,FOR,MIA,4004
218,16/01/2020 15:40:25,2020-07-04,2020-07-17,FOR,MIA,4001
219,16/01/2020 15:40:25,2020-07-04,2020-07-18,FOR,MIA,4165
220,16/01/2020 15:40:25,2020-07-04,2020-07-19,FOR,MIA,4069
221,16/01/2020 15:40:25,2020-07-04,2020-07-20,FOR,MIA,3910
222,16/01/2020 15:40:25,2020-07-04,2020-07-21,FOR,MIA,3939
223,16/01/2020 15:40:25,2020-07-04,2020-07-22,FOR,MIA,3861
224,16/01/2020 15:40:25,2020-07-04,2020-07-23,FOR,MIA,3995
225,16/01/2020 15:40:25,2020-07-05,2020-07-17,FOR,MIA,3861
226,16/01/2020 15:40:25,2020-07-05,2020-07-18,FOR,MIA,4002
227,16/01/2020 15:40:25,2020-07-05,2020-07-19,FOR,MIA,3855
228,16/01/2020 15:40:25,2020-07-05,2020-07-20,FOR,MIA,3703
229,16/01/2020 15:40:25,2020-07-05,2020-07-21,FOR,MIA,3738
230,16/01/2020 15:40:25,2020-07-05,2020-07-22,FOR,MIA,3714
231,16/01/2020 15:40:25,2020-07-05,2020-07-23,FOR,MIA,3754
232,16/01/2020 15:40:25,2020-07-06,2020-07-17,FOR,MIA,3644
233,16/01/2020 15:40:25,2020-07-06,2020-07-18,FOR,MIA,3958
234,16/01/2020 15:40:25,2020-07-06,2020-07-19,FOR,MIA,3556
235,16/01/2020 15:40:25,2020-07-06,2020-07-20,FOR,MIA,3592
236,16/01/2020 15:40:25,2020-07-06,2020-07-21,FOR,MIA,3505
237,16/01/2020 15:40:25,2020-07-06,2020-07-22,FOR,MIA,3512
238,16/01/2020 15:40:25,2020-07-06,2020-07-23,FOR,MIA,3539
239,16/01/2020 15:40:25,2020-07-07,2020-07-17,FOR,MIA,3653
240,16/01/2020 15:40:25,2020-07-07,2020-07-18,FOR,MIA,4053
241,16/01/2020 15:40:25,2020-07-07,2020-07-19,FOR,MIA,3841
242,16/01/2020 15:40:25,2020-07-07,2020-07-20,FOR,MIA,3544
243,16/01/2020 15:40:25,2020-07-07,2020-07-21,FOR,MIA,3589
244,16/01/2020 15:40:25,2020-07-07,2020-07-22,FOR,MIA,3550
245,16/01/2020 15:40:25,2020-07-07,2020-07-23,FOR,MIA,3618
246,16/01/2020 15:40:25,2020-07-08,2020-07-17,FOR,MIA,3581
247,16/01/2020 15:40:25,2020-07-08,2020-07-18,FOR,MIA,3848
248,16/01/2020 15:40:25,2020-07-08,2020-07-19,FOR,MIA,3902
249,16/01/2020 15:40:25,2020-07-08,2020-07-20,FOR,MIA,3472
250,16/01/2020 15:40:25,2020-07-08,2020-07-21,FOR,MIA,3494
251,16/01/2020 15:40:25,2020-07-08,2020-07-22,FOR,MIA,3511
252,16/01/2020 15:40:25,2020-07-08,2020-07-23,FOR,MIA,3603
0,16/01/2020 15:45:01,2020-07-05,2020-07-20,POA,ATL,6561
1,16/01/2020 15:45:02,2020-07-02,2020-07-17,POA,MIA,3834
2,16/01/2020 15:45:02,2020-07-02,2020-07-18,POA,MIA,3864
3,16/01/2020 15:45:02,2020-07-02,2020-07-19,POA,MIA,4003
4,16/01/2020 15:45:02,2020-07-02,2020-07-20,POA,MIA,3892
5,16/01/2020 15:45:02,2020-07-02,2020-07-21,POA,MIA,3922
6,16/01/2020 15:45:02,2020-07-02,2020-07-22,POA,MIA,3919
7,16/01/2020 15:45:02,2020-07-02,2020-07-23,POA,MIA,3928
8,16/01/2020 15:45:02,2020-07-03,2020-07-17,POA,MIA,3766
9,16/01/2020 15:45:02,2020-07-03,2020-07-18,POA,MIA,3781
10,16/01/2020 15:45:02,2020-07-03,2020-07-19,POA,MIA,3789
11,16/01/2020 15:45:02,2020-07-03,2020-07-20,POA,MIA,3748
12,16/01/2020 15:45:02,2020-07-03,2020-07-21,POA,MIA,3761
13,16/01/2020 15:45:02,2020-07-03,2020-07-22,POA,MIA,3781
14,16/01/2020 15:45:02,2020-07-03,2020-07-23,POA,MIA,3807
15,16/01/2020 15:45:02,2020-07-04,2020-07-17,POA,MIA,3781
16,16/01/2020 15:45:02,2020-07-04,2020-07-18,POA,MIA,3825
17,16/01/2020 15:45:02,2020-07-04,2020-07-19,POA,MIA,3823
18,16/01/2020 15:45:02,2020-07-04,2020-07-20,POA,MIA,3838
19,16/01/2020 15:45:02,2020-07-04,2020-07-21,POA,MIA,3878
20,16/01/2020 15:45:02,2020-07-04,2020-07-22,POA,MIA,3900
21,16/01/2020 15:45:02,2020-07-04,2020-07-23,POA,MIA,3923
22,16/01/2020 15:45:02,2020-07-05,2020-07-17,POA,MIA,3930
23,16/01/2020 15:45:02,2020-07-05,2020-07-18,POA,MIA,3889
24,16/01/2020 15:45:02,2020-07-05,2020-07-19,POA,MIA,3863
25,16/01/2020 15:45:02,2020-07-05,2020-07-20,POA,MIA,3948
26,16/01/2020 15:45:02,2020-07-05,2020-07-21,POA,MIA,3918
27,16/01/2020 15:45:02,2020-07-05,2020-07-22,POA,MIA,3939
28,16/01/2020 15:45:02,2020-07-05,2020-07-23,POA,MIA,3975
29,16/01/2020 15:45:02,2020-07-06,2020-07-17,POA,MIA,3940
30,16/01/2020 15:45:02,2020-07-06,2020-07-18,POA,MIA,4208
31,16/01/2020 15:45:02,2020-07-06,2020-07-19,POA,MIA,4052
32,16/01/2020 15:45:02,2020-07-06,2020-07-20,POA,MIA,3901
33,16/01/2020 15:45:02,2020-07-06,2020-07-21,POA,MIA,3836
34,16/01/2020 15:45:02,2020-07-06,2020-07-22,POA,MIA,3825
35,16/01/2020 15:45:02,2020-07-06,2020-07-23,POA,MIA,3838
36,16/01/2020 15:45:02,2020-07-07,2020-07-17,POA,MIA,3791
37,16/01/2020 15:45:02,2020-07-07,2020-07-18,POA,MIA,3890
38,16/01/2020 15:45:02,2020-07-07,2020-07-19,POA,MIA,3956
39,16/01/2020 15:45:02,2020-07-07,2020-07-20,POA,MIA,3881
40,16/01/2020 15:45:02,2020-07-07,2020-07-21,POA,MIA,3828
41,16/01/2020 15:45:02,2020-07-07,2020-07-22,POA,MIA,3798
42,16/01/2020 15:45:02,2020-07-07,2020-07-23,POA,MIA,3812
43,16/01/2020 15:45:02,2020-07-08,2020-07-17,POA,MIA,3827
44,16/01/2020 15:45:02,2020-07-08,2020-07-18,POA,MIA,3822
45,16/01/2020 15:45:02,2020-07-08,2020-07-19,POA,MIA,4047
46,16/01/2020 15:45:02,2020-07-08,2020-07-20,POA,MIA,3983
47,16/01/2020 15:45:02,2020-07-08,2020-07-21,POA,MIA,3941
48,16/01/2020 15:45:02,2020-07-08,2020-07-22,POA,MIA,3950
49,16/01/2020 15:45:02,2020-07-08,2020-07-23,POA,MIA,3943
50,16/01/2020 15:45:05,2020-07-02,2020-07-18,GRU,ATL,4830
51,16/01/2020 15:45:05,2020-07-05,2020-07-20,GRU,ATL,4788
52,16/01/2020 15:45:05,2020-07-07,2020-07-21,GRU,ATL,4726
53,16/01/2020 15:45:05,2020-07-07,2020-07-23,GRU,ATL,4749
54,16/01/2020 15:45:06,2020-07-02,2020-07-17,GRU,MIA,3795
55,16/01/2020 15:45:06,2020-07-02,2020-07-18,GRU,MIA,3625
56,16/01/2020 15:45:06,2020-07-02,2020-07-19,GRU,MIA,3578
57,16/01/2020 15:45:06,2020-07-02,2020-07-20,GRU,MIA,3480
58,16/01/2020 15:45:06,2020-07-02,2020-07-21,GRU,MIA,3462
59,16/01/2020 15:45:06,2020-07-02,2020-07-22,GRU,MIA,3518
60,16/01/2020 15:45:06,2020-07-02,2020-07-23,GRU,MIA,3372
61,16/01/2020 15:45:06,2020-07-03,2020-07-17,GRU,MIA,3625
62,16/01/2020 15:45:06,2020-07-03,2020-07-18,GRU,MIA,3770
63,16/01/2020 15:45:06,2020-07-03,2020-07-19,GRU,MIA,3601
64,16/01/2020 15:45:06,2020-07-03,2020-07-20,GRU,MIA,3509
65,16/01/2020 15:45:06,2020-07-03,2020-07-21,GRU,MIA,3498
66,16/01/2020 15:45:06,2020-07-03,2020-07-22,GRU,MIA,3417
67,16/01/2020 15:45:06,2020-07-03,2020-07-23,GRU,MIA,3457
68,16/01/2020 15:45:06,2020-07-04,2020-07-17,GRU,MIA,3736
69,16/01/2020 15:45:06,2020-07-04,2020-07-18,GRU,MIA,3770
70,16/01/2020 15:45:06,2020-07-04,2020-07-19,GRU,MIA,3770
71,16/01/2020 15:45:06,2020-07-04,2020-07-20,GRU,MIA,3644
72,16/01/2020 15:45:06,2020-07-04,2020-07-21,GRU,MIA,3503
73,16/01/2020 15:45:06,2020-07-04,2020-07-22,GRU,MIA,3440
74,16/01/2020 15:45:06,2020-07-04,2020-07-23,GRU,MIA,3489
75,16/01/2020 15:45:06,2020-07-05,2020-07-17,GRU,MIA,3673
76,16/01/2020 15:45:06,2020-07-05,2020-07-18,GRU,MIA,3770
77,16/01/2020 15:45:06,2020-07-05,2020-07-19,GRU,MIA,3346
78,16/01/2020 15:45:06,2020-07-05,2020-07-20,GRU,MIA,3495
79,16/01/2020 15:45:06,2020-07-05,2020-07-21,GRU,MIA,3485
80,16/01/2020 15:45:06,2020-07-05,2020-07-22,GRU,MIA,3423
81,16/01/2020 15:45:06,2020-07-05,2020-07-23,GRU,MIA,3462
82,16/01/2020 15:45:06,2020-07-06,2020-07-17,GRU,MIA,3501
83,16/01/2020 15:45:06,2020-07-06,2020-07-18,GRU,MIA,3372
84,16/01/2020 15:45:06,2020-07-06,2020-07-19,GRU,MIA,3394
85,16/01/2020 15:45:06,2020-07-06,2020-07-20,GRU,MIA,3377
86,16/01/2020 15:45:06,2020-07-06,2020-07-21,GRU,MIA,3372
87,16/01/2020 15:45:06,2020-07-06,2020-07-22,GRU,MIA,3130
88,16/01/2020 15:45:06,2020-07-06,2020-07-23,GRU,MIA,3347
89,16/01/2020 15:45:06,2020-07-07,2020-07-17,GRU,MIA,3536
90,16/01/2020 15:45:06,2020-07-07,2020-07-18,GRU,MIA,3499
91,16/01/2020 15:45:06,2020-07-07,2020-07-19,GRU,MIA,3580
92,16/01/2020 15:45:06,2020-07-07,2020-07-20,GRU,MIA,3519
93,16/01/2020 15:45:06,2020-07-07,2020-07-21,GRU,MIA,3268
94,16/01/2020 15:45:06,2020-07-07,2020-07-22,GRU,MIA,3346
95,16/01/2020 15:45:06,2020-07-07,2020-07-23,GRU,MIA,3518
96,16/01/2020 15:45:06,2020-07-08,2020-07-17,GRU,MIA,3631
97,16/01/2020 15:45:06,2020-07-08,2020-07-18,GRU,MIA,3653
98,16/01/2020 15:45:06,2020-07-08,2020-07-19,GRU,MIA,3585
99,16/01/2020 15:45:06,2020-07-08,2020-07-20,GRU,MIA,3518
100,16/01/2020 15:45:06,2020-07-08,2020-07-21,GRU,MIA,3444
101,16/01/2020 15:45:06,2020-07-08,2020-07-22,GRU,MIA,3442
102,16/01/2020 15:45:06,2020-07-08,2020-07-23,GRU,MIA,3475
103,16/01/2020 15:45:07,2020-07-05,2020-07-20,GIG,ATL,5343
104,16/01/2020 15:45:07,2020-07-02,2020-07-17,GIG,MIA,3388
105,16/01/2020 15:45:07,2020-07-02,2020-07-18,GIG,MIA,3398
106,16/01/2020 15:45:07,2020-07-02,2020-07-19,GIG,MIA,3382
107,16/01/2020 15:45:07,2020-07-02,2020-07-20,GIG,MIA,3419
108,16/01/2020 15:45:07,2020-07-02,2020-07-21,GIG,MIA,3428
109,16/01/2020 15:45:07,2020-07-02,2020-07-22,GIG,MIA,3933
110,16/01/2020 15:45:07,2020-07-02,2020-07-23,GIG,MIA,3415
111,16/01/2020 15:45:07,2020-07-03,2020-07-17,GIG,MIA,3343
112,16/01/2020 15:45:07,2020-07-03,2020-07-18,GIG,MIA,3392
113,16/01/2020 15:45:07,2020-07-03,2020-07-19,GIG,MIA,3392
114,16/01/2020 15:45:07,2020-07-03,2020-07-20,GIG,MIA,3447
115,16/01/2020 15:45:07,2020-07-03,2020-07-21,GIG,MIA,3458
116,16/01/2020 15:45:07,2020-07-03,2020-07-22,GIG,MIA,3452
117,16/01/2020 15:45:07,2020-07-03,2020-07-23,GIG,MIA,3464
118,16/01/2020 15:45:07,2020-07-04,2020-07-17,GIG,MIA,3449
119,16/01/2020 15:45:07,2020-07-04,2020-07-18,GIG,MIA,3413
120,16/01/2020 15:45:07,2020-07-04,2020-07-19,GIG,MIA,3401
121,16/01/2020 15:45:07,2020-07-04,2020-07-20,GIG,MIA,3443
122,16/01/2020 15:45:07,2020-07-04,2020-07-21,GIG,MIA,3452
123,16/01/2020 15:45:07,2020-07-04,2020-07-22,GIG,MIA,3448
124,16/01/2020 15:45:07,2020-07-04,2020-07-23,GIG,MIA,3484
125,16/01/2020 15:45:07,2020-07-05,2020-07-17,GIG,MIA,3410
126,16/01/2020 15:45:07,2020-07-05,2020-07-18,GIG,MIA,3369
127,16/01/2020 15:45:07,2020-07-05,2020-07-19,GIG,MIA,3324
128,16/01/2020 15:45:07,2020-07-05,2020-07-20,GIG,MIA,3412
129,16/01/2020 15:45:07,2020-07-05,2020-07-21,GIG,MIA,3455
130,16/01/2020 15:45:07,2020-07-05,2020-07-22,GIG,MIA,3450
131,16/01/2020 15:45:07,2020-07-05,2020-07-23,GIG,MIA,3462
132,16/01/2020 15:45:07,2020-07-06,2020-07-17,GIG,MIA,3469
133,16/01/2020 15:45:07,2020-07-06,2020-07-18,GIG,MIA,3447
134,16/01/2020 15:45:07,2020-07-06,2020-07-19,GIG,MIA,3375
135,16/01/2020 15:45:07,2020-07-06,2020-07-20,GIG,MIA,3560
136,16/01/2020 15:45:07,2020-07-06,2020-07-21,GIG,MIA,3556
137,16/01/2020 15:45:07,2020-07-06,2020-07-22,GIG,MIA,3521
138,16/01/2020 15:45:07,2020-07-06,2020-07-23,GIG,MIA,3510
139,16/01/2020 15:45:07,2020-07-07,2020-07-17,GIG,MIA,3505
140,16/01/2020 15:45:07,2020-07-07,2020-07-18,GIG,MIA,3472
141,16/01/2020 15:45:07,2020-07-07,2020-07-19,GIG,MIA,3443
142,16/01/2020 15:45:07,2020-07-07,2020-07-20,GIG,MIA,3599
143,16/01/2020 15:45:07,2020-07-07,2020-07-21,GIG,MIA,3608
144,16/01/2020 15:45:07,2020-07-07,2020-07-22,GIG,MIA,3547
145,16/01/2020 15:45:07,2020-07-07,2020-07-23,GIG,MIA,3554
146,16/01/2020 15:45:07,2020-07-08,2020-07-17,GIG,MIA,3618
147,16/01/2020 15:45:07,2020-07-08,2020-07-18,GIG,MIA,3543
148,16/01/2020 15:45:07,2020-07-08,2020-07-19,GIG,MIA,3500
149,16/01/2020 15:45:07,2020-07-08,2020-07-20,GIG,MIA,3658
150,16/01/2020 15:45:07,2020-07-08,2020-07-21,GIG,MIA,3650
151,16/01/2020 15:45:07,2020-07-08,2020-07-22,GIG,MIA,3633
152,16/01/2020 15:45:07,2020-07-08,2020-07-23,GIG,MIA,3640
0,16/01/2020 17:28:47,2020-07-05,2020-07-20,POA,ATL,6561
1,16/01/2020 17:28:48,2020-07-02,2020-07-17,POA,MIA,3919
2,16/01/2020 17:28:48,2020-07-02,2020-07-18,POA,MIA,3896
3,16/01/2020 17:28:48,2020-07-02,2020-07-19,POA,MIA,4032
4,16/01/2020 17:28:48,2020-07-02,2020-07-20,POA,MIA,3941
5,16/01/2020 17:28:48,2020-07-02,2020-07-21,POA,MIA,3918
6,16/01/2020 17:28:48,2020-07-02,2020-07-22,POA,MIA,3951
7,16/01/2020 17:28:48,2020-07-02,2020-07-23,POA,MIA,3965
8,16/01/2020 17:28:48,2020-07-03,2020-07-17,POA,MIA,3678
9,16/01/2020 17:28:48,2020-07-03,2020-07-18,POA,MIA,3805
10,16/01/2020 17:28:48,2020-07-03,2020-07-19,POA,MIA,3937
11,16/01/2020 17:28:48,2020-07-03,2020-07-20,POA,MIA,3807
12,16/01/2020 17:28:48,2020-07-03,2020-07-21,POA,MIA,3805
13,16/01/2020 17:28:48,2020-07-03,2020-07-22,POA,MIA,3817
14,16/01/2020 17:28:48,2020-07-03,2020-07-23,POA,MIA,3815
15,16/01/2020 17:28:48,2020-07-04,2020-07-17,POA,MIA,3869
16,16/01/2020 17:28:48,2020-07-04,2020-07-18,POA,MIA,3952
17,16/01/2020 17:28:48,2020-07-04,2020-07-19,POA,MIA,4017
18,16/01/2020 17:28:48,2020-07-04,2020-07-20,POA,MIA,3932
19,16/01/2020 17:28:48,2020-07-04,2020-07-21,POA,MIA,3877
20,16/01/2020 17:28:48,2020-07-04,2020-07-22,POA,MIA,3879
21,16/01/2020 17:28:48,2020-07-04,2020-07-23,POA,MIA,3883
22,16/01/2020 17:28:48,2020-07-05,2020-07-17,POA,MIA,3957
23,16/01/2020 17:28:48,2020-07-05,2020-07-18,POA,MIA,3989
24,16/01/2020 17:28:48,2020-07-05,2020-07-19,POA,MIA,3957
25,16/01/2020 17:28:48,2020-07-05,2020-07-20,POA,MIA,4006
26,16/01/2020 17:28:48,2020-07-05,2020-07-21,POA,MIA,3972
27,16/01/2020 17:28:48,2020-07-05,2020-07-22,POA,MIA,3923
28,16/01/2020 17:28:48,2020-07-05,2020-07-23,POA,MIA,3930
29,16/01/2020 17:28:48,2020-07-06,2020-07-17,POA,MIA,3994
30,16/01/2020 17:28:48,2020-07-06,2020-07-18,POA,MIA,4208
31,16/01/2020 17:28:48,2020-07-06,2020-07-19,POA,MIA,4004
32,16/01/2020 17:28:48,2020-07-06,2020-07-20,POA,MIA,3936
33,16/01/2020 17:28:48,2020-07-06,2020-07-21,POA,MIA,3838
34,16/01/2020 17:28:48,2020-07-06,2020-07-22,POA,MIA,3826
35,16/01/2020 17:28:48,2020-07-06,2020-07-23,POA,MIA,3800
36,16/01/2020 17:28:48,2020-07-07,2020-07-17,POA,MIA,3892
37,16/01/2020 17:28:48,2020-07-07,2020-07-18,POA,MIA,3931
38,16/01/2020 17:28:48,2020-07-07,2020-07-19,POA,MIA,3997
39,16/01/2020 17:28:48,2020-07-07,2020-07-20,POA,MIA,3854
40,16/01/2020 17:28:48,2020-07-07,2020-07-21,POA,MIA,3824
41,16/01/2020 17:28:48,2020-07-07,2020-07-22,POA,MIA,3855
42,16/01/2020 17:28:48,2020-07-07,2020-07-23,POA,MIA,3777
43,16/01/2020 17:28:48,2020-07-08,2020-07-17,POA,MIA,3933
44,16/01/2020 17:28:48,2020-07-08,2020-07-18,POA,MIA,3946
45,16/01/2020 17:28:48,2020-07-08,2020-07-19,POA,MIA,4061
46,16/01/2020 17:28:48,2020-07-08,2020-07-20,POA,MIA,3991
47,16/01/2020 17:28:48,2020-07-08,2020-07-21,POA,MIA,3885
48,16/01/2020 17:28:48,2020-07-08,2020-07-22,POA,MIA,3958
49,16/01/2020 17:28:48,2020-07-08,2020-07-23,POA,MIA,3970
50,16/01/2020 17:28:50,2020-07-02,2020-07-18,GRU,ATL,4830
51,16/01/2020 17:28:50,2020-07-05,2020-07-20,GRU,ATL,4788
52,16/01/2020 17:28:50,2020-07-07,2020-07-21,GRU,ATL,4726
53,16/01/2020 17:28:50,2020-07-07,2020-07-23,GRU,ATL,4749
54,16/01/2020 17:28:50,2020-07-02,2020-07-17,GRU,MIA,3795
55,16/01/2020 17:28:50,2020-07-02,2020-07-18,GRU,MIA,3625
56,16/01/2020 17:28:50,2020-07-02,2020-07-19,GRU,MIA,3578
57,16/01/2020 17:28:50,2020-07-02,2020-07-20,GRU,MIA,3480
58,16/01/2020 17:28:50,2020-07-02,2020-07-21,GRU,MIA,3462
59,16/01/2020 17:28:50,2020-07-02,2020-07-22,GRU,MIA,3518
60,16/01/2020 17:28:50,2020-07-02,2020-07-23,GRU,MIA,3372
61,16/01/2020 17:28:50,2020-07-03,2020-07-17,GRU,MIA,3625
62,16/01/2020 17:28:50,2020-07-03,2020-07-18,GRU,MIA,3770
63,16/01/2020 17:28:50,2020-07-03,2020-07-19,GRU,MIA,3601
64,16/01/2020 17:28:50,2020-07-03,2020-07-20,GRU,MIA,3509
65,16/01/2020 17:28:50,2020-07-03,2020-07-21,GRU,MIA,3498
66,16/01/2020 17:28:50,2020-07-03,2020-07-22,GRU,MIA,3417
67,16/01/2020 17:28:50,2020-07-03,2020-07-23,GRU,MIA,3625
68,16/01/2020 17:28:50,2020-07-04,2020-07-17,GRU,MIA,3736
69,16/01/2020 17:28:50,2020-07-04,2020-07-18,GRU,MIA,3770
70,16/01/2020 17:28:50,2020-07-04,2020-07-19,GRU,MIA,3770
71,16/01/2020 17:28:50,2020-07-04,2020-07-20,GRU,MIA,3644
72,16/01/2020 17:28:50,2020-07-04,2020-07-21,GRU,MIA,3503
73,16/01/2020 17:28:50,2020-07-04,2020-07-22,GRU,MIA,3440
74,16/01/2020 17:28:50,2020-07-04,2020-07-23,GRU,MIA,3489
75,16/01/2020 17:28:50,2020-07-05,2020-07-17,GRU,MIA,3673
76,16/01/2020 17:28:50,2020-07-05,2020-07-18,GRU,MIA,3770
77,16/01/2020 17:28:50,2020-07-05,2020-07-19,GRU,MIA,3346
78,16/01/2020 17:28:50,2020-07-05,2020-07-20,GRU,MIA,3495
79,16/01/2020 17:28:50,2020-07-05,2020-07-21,GRU,MIA,3485
80,16/01/2020 17:28:50,2020-07-05,2020-07-22,GRU,MIA,3423
81,16/01/2020 17:28:50,2020-07-05,2020-07-23,GRU,MIA,3462
82,16/01/2020 17:28:50,2020-07-06,2020-07-17,GRU,MIA,3501
83,16/01/2020 17:28:50,2020-07-06,2020-07-18,GRU,MIA,3372
84,16/01/2020 17:28:50,2020-07-06,2020-07-19,GRU,MIA,3394
85,16/01/2020 17:28:50,2020-07-06,2020-07-20,GRU,MIA,3377
86,16/01/2020 17:28:50,2020-07-06,2020-07-21,GRU,MIA,3372
87,16/01/2020 17:28:50,2020-07-06,2020-07-22,GRU,MIA,3130
88,16/01/2020 17:28:50,2020-07-06,2020-07-23,GRU,MIA,3347
89,16/01/2020 17:28:50,2020-07-07,2020-07-17,GRU,MIA,3536
90,16/01/2020 17:28:50,2020-07-07,2020-07-18,GRU,MIA,3499
91,16/01/2020 17:28:50,2020-07-07,2020-07-19,GRU,MIA,3580
92,16/01/2020 17:28:50,2020-07-07,2020-07-20,GRU,MIA,3519
93,16/01/2020 17:28:50,2020-07-07,2020-07-21,GRU,MIA,3268
94,16/01/2020 17:28:50,2020-07-07,2020-07-22,GRU,MIA,3346
95,16/01/2020 17:28:50,2020-07-07,2020-07-23,GRU,MIA,3518
96,16/01/2020 17:28:50,2020-07-08,2020-07-17,GRU,MIA,3631
97,16/01/2020 17:28:50,2020-07-08,2020-07-18,GRU,MIA,3653
98,16/01/2020 17:28:50,2020-07-08,2020-07-19,GRU,MIA,3585
99,16/01/2020 17:28:50,2020-07-08,2020-07-20,GRU,MIA,3518
100,16/01/2020 17:28:50,2020-07-08,2020-07-21,GRU,MIA,3444
101,16/01/2020 17:28:50,2020-07-08,2020-07-22,GRU,MIA,3518
102,16/01/2020 17:28:50,2020-07-08,2020-07-23,GRU,MIA,3475
103,16/01/2020 17:28:51,2020-07-05,2020-07-20,GIG,ATL,5343
104,16/01/2020 17:28:52,2020-07-02,2020-07-17,GIG,MIA,3440
105,16/01/2020 17:28:52,2020-07-02,2020-07-18,GIG,MIA,3392
106,16/01/2020 17:28:52,2020-07-02,2020-07-19,GIG,MIA,3402
107,16/01/2020 17:28:52,2020-07-02,2020-07-20,GIG,MIA,3383
108,16/01/2020 17:28:52,2020-07-02,2020-07-21,GIG,MIA,3365
109,16/01/2020 17:28:52,2020-07-02,2020-07-22,GIG,MIA,3933
110,16/01/2020 17:28:52,2020-07-02,2020-07-23,GIG,MIA,3432
111,16/01/2020 17:28:52,2020-07-03,2020-07-17,GIG,MIA,3459
112,16/01/2020 17:28:52,2020-07-03,2020-07-18,GIG,MIA,3409
113,16/01/2020 17:28:52,2020-07-03,2020-07-19,GIG,MIA,3401
114,16/01/2020 17:28:52,2020-07-03,2020-07-20,GIG,MIA,3430
115,16/01/2020 17:28:52,2020-07-03,2020-07-21,GIG,MIA,3381
116,16/01/2020 17:28:52,2020-07-03,2020-07-22,GIG,MIA,3387
117,16/01/2020 17:28:52,2020-07-03,2020-07-23,GIG,MIA,3433
118,16/01/2020 17:28:52,2020-07-04,2020-07-17,GIG,MIA,3505
119,16/01/2020 17:28:52,2020-07-04,2020-07-18,GIG,MIA,3450
120,16/01/2020 17:28:52,2020-07-04,2020-07-19,GIG,MIA,3433
121,16/01/2020 17:28:52,2020-07-04,2020-07-20,GIG,MIA,3424
122,16/01/2020 17:28:52,2020-07-04,2020-07-21,GIG,MIA,3415
123,16/01/2020 17:28:52,2020-07-04,2020-07-22,GIG,MIA,3412
124,16/01/2020 17:28:52,2020-07-04,2020-07-23,GIG,MIA,3443
125,16/01/2020 17:28:52,2020-07-05,2020-07-17,GIG,MIA,3486
126,16/01/2020 17:28:52,2020-07-05,2020-07-18,GIG,MIA,3437
127,16/01/2020 17:28:52,2020-07-05,2020-07-19,GIG,MIA,3423
128,16/01/2020 17:28:52,2020-07-05,2020-07-20,GIG,MIA,3429
129,16/01/2020 17:28:52,2020-07-05,2020-07-21,GIG,MIA,3417
130,16/01/2020 17:28:52,2020-07-05,2020-07-22,GIG,MIA,3432
131,16/01/2020 17:28:52,2020-07-05,2020-07-23,GIG,MIA,3452
132,16/01/2020 17:28:52,2020-07-06,2020-07-17,GIG,MIA,3629
133,16/01/2020 17:28:52,2020-07-06,2020-07-18,GIG,MIA,3502
134,16/01/2020 17:28:52,2020-07-06,2020-07-19,GIG,MIA,3515
135,16/01/2020 17:28:52,2020-07-06,2020-07-20,GIG,MIA,3547
136,16/01/2020 17:28:52,2020-07-06,2020-07-21,GIG,MIA,3537
137,16/01/2020 17:28:52,2020-07-06,2020-07-22,GIG,MIA,3552
138,16/01/2020 17:28:52,2020-07-06,2020-07-23,GIG,MIA,3541
139,16/01/2020 17:28:52,2020-07-07,2020-07-17,GIG,MIA,3675
140,16/01/2020 17:28:52,2020-07-07,2020-07-18,GIG,MIA,3579
141,16/01/2020 17:28:52,2020-07-07,2020-07-19,GIG,MIA,3544
142,16/01/2020 17:28:52,2020-07-07,2020-07-20,GIG,MIA,3557
143,16/01/2020 17:28:52,2020-07-07,2020-07-21,GIG,MIA,3585
144,16/01/2020 17:28:52,2020-07-07,2020-07-22,GIG,MIA,3580
145,16/01/2020 17:28:52,2020-07-07,2020-07-23,GIG,MIA,3594
146,16/01/2020 17:28:52,2020-07-08,2020-07-17,GIG,MIA,3739
147,16/01/2020 17:28:52,2020-07-08,2020-07-18,GIG,MIA,3635
148,16/01/2020 17:28:52,2020-07-08,2020-07-19,GIG,MIA,3558
149,16/01/2020 17:28:52,2020-07-08,2020-07-20,GIG,MIA,3565
150,16/01/2020 17:28:52,2020-07-08,2020-07-21,GIG,MIA,3591
151,16/01/2020 17:28:52,2020-07-08,2020-07-22,GIG,MIA,3607
152,16/01/2020 17:28:52,2020-07-08,2020-07-23,GIG,MIA,3613
0,17/01/2020 09:05:15,2020-07-05,2020-07-20,POA,ATL,6175
1,17/01/2020 09:05:16,2020-07-02,2020-07-17,POA,MIA,3652
2,17/01/2020 09:05:16,2020-07-02,2020-07-18,POA,MIA,3774
3,17/01/2020 09:05:16,2020-07-02,2020-07-19,POA,MIA,3853
4,17/01/2020 09:05:16,2020-07-02,2020-07-20,POA,MIA,3572
5,17/01/2020 09:05:16,2020-07-02,2020-07-21,POA,MIA,3613
6,17/01/2020 09:05:16,2020-07-02,2020-07-22,POA,MIA,3721
7,17/01/2020 09:05:16,2020-07-02,2020-07-23,POA,MIA,3789
8,17/01/2020 09:05:16,2020-07-03,2020-07-17,POA,MIA,3549
9,17/01/2020 09:05:16,2020-07-03,2020-07-18,POA,MIA,3590
10,17/01/2020 09:05:16,2020-07-03,2020-07-19,POA,MIA,3562
11,17/01/2020 09:05:16,2020-07-03,2020-07-20,POA,MIA,3493
12,17/01/2020 09:05:16,2020-07-03,2020-07-21,POA,MIA,3522
13,17/01/2020 09:05:16,2020-07-03,2020-07-22,POA,MIA,3527
14,17/01/2020 09:05:16,2020-07-03,2020-07-23,POA,MIA,3520
15,17/01/2020 09:05:16,2020-07-04,2020-07-17,POA,MIA,3631
16,17/01/2020 09:05:16,2020-07-04,2020-07-18,POA,MIA,4025
17,17/01/2020 09:05:16,2020-07-04,2020-07-19,POA,MIA,3736
18,17/01/2020 09:05:16,2020-07-04,2020-07-20,POA,MIA,3577
19,17/01/2020 09:05:16,2020-07-04,2020-07-21,POA,MIA,3592
20,17/01/2020 09:05:16,2020-07-04,2020-07-22,POA,MIA,3596
21,17/01/2020 09:05:16,2020-07-04,2020-07-23,POA,MIA,3616
22,17/01/2020 09:05:16,2020-07-05,2020-07-17,POA,MIA,3687
23,17/01/2020 09:05:16,2020-07-05,2020-07-18,POA,MIA,3737
24,17/01/2020 09:05:16,2020-07-05,2020-07-19,POA,MIA,3788
25,17/01/2020 09:05:16,2020-07-05,2020-07-20,POA,MIA,3692
26,17/01/2020 09:05:16,2020-07-05,2020-07-21,POA,MIA,3700
27,17/01/2020 09:05:16,2020-07-05,2020-07-22,POA,MIA,3697
28,17/01/2020 09:05:16,2020-07-05,2020-07-23,POA,MIA,3714
29,17/01/2020 09:05:16,2020-07-06,2020-07-17,POA,MIA,3835
30,17/01/2020 09:05:16,2020-07-06,2020-07-18,POA,MIA,3863
31,17/01/2020 09:05:16,2020-07-06,2020-07-19,POA,MIA,3886
32,17/01/2020 09:05:16,2020-07-06,2020-07-20,POA,MIA,3749
33,17/01/2020 09:05:16,2020-07-06,2020-07-21,POA,MIA,3651
34,17/01/2020 09:05:16,2020-07-06,2020-07-22,POA,MIA,3751
35,17/01/2020 09:05:16,2020-07-06,2020-07-23,POA,MIA,3754
36,17/01/2020 09:05:16,2020-07-07,2020-07-17,POA,MIA,3780
37,17/01/2020 09:05:16,2020-07-07,2020-07-18,POA,MIA,3859
38,17/01/2020 09:05:16,2020-07-07,2020-07-19,POA,MIA,3880
39,17/01/2020 09:05:16,2020-07-07,2020-07-20,POA,MIA,3743
40,17/01/2020 09:05:16,2020-07-07,2020-07-21,POA,MIA,3754
41,17/01/2020 09:05:16,2020-07-07,2020-07-22,POA,MIA,3708
42,17/01/2020 09:05:16,2020-07-07,2020-07-23,POA,MIA,3736
43,17/01/2020 09:05:16,2020-07-08,2020-07-17,POA,MIA,3770
44,17/01/2020 09:05:16,2020-07-08,2020-07-18,POA,MIA,3797
45,17/01/2020 09:05:16,2020-07-08,2020-07-19,POA,MIA,3954
46,17/01/2020 09:05:16,2020-07-08,2020-07-20,POA,MIA,3785
47,17/01/2020 09:05:16,2020-07-08,2020-07-21,POA,MIA,3730
48,17/01/2020 09:05:16,2020-07-08,2020-07-22,POA,MIA,3743
49,17/01/2020 09:05:16,2020-07-08,2020-07-23,POA,MIA,3773
50,17/01/2020 09:05:31,2020-07-04,2020-07-22,GRU,ATL,5496
51,17/01/2020 09:05:31,2020-07-05,2020-07-20,GRU,ATL,4865
52,17/01/2020 09:05:31,2020-07-02,2020-07-17,GRU,MIA,3241
53,17/01/2020 09:05:31,2020-07-02,2020-07-18,GRU,MIA,3243
54,17/01/2020 09:05:31,2020-07-02,2020-07-19,GRU,MIA,3217
55,17/01/2020 09:05:31,2020-07-02,2020-07-20,GRU,MIA,3263
56,17/01/2020 09:05:31,2020-07-02,2020-07-21,GRU,MIA,3518
57,17/01/2020 09:05:31,2020-07-02,2020-07-22,GRU,MIA,3220
58,17/01/2020 09:05:31,2020-07-02,2020-07-23,GRU,MIA,3209
59,17/01/2020 09:05:31,2020-07-03,2020-07-17,GRU,MIA,3182
60,17/01/2020 09:05:31,2020-07-03,2020-07-18,GRU,MIA,3625
61,17/01/2020 09:05:31,2020-07-03,2020-07-19,GRU,MIA,3162
62,17/01/2020 09:05:31,2020-07-03,2020-07-20,GRU,MIA,3230
63,17/01/2020 09:05:31,2020-07-03,2020-07-21,GRU,MIA,3535
64,17/01/2020 09:05:31,2020-07-03,2020-07-22,GRU,MIA,3227
65,17/01/2020 09:05:31,2020-07-03,2020-07-23,GRU,MIA,3217
66,17/01/2020 09:05:31,2020-07-04,2020-07-17,GRU,MIA,3155
67,17/01/2020 09:05:31,2020-07-04,2020-07-18,GRU,MIA,3201
68,17/01/2020 09:05:31,2020-07-04,2020-07-19,GRU,MIA,3179
69,17/01/2020 09:05:31,2020-07-04,2020-07-20,GRU,MIA,3207
70,17/01/2020 09:05:31,2020-07-04,2020-07-21,GRU,MIA,3188
71,17/01/2020 09:05:31,2020-07-04,2020-07-22,GRU,MIA,3346
72,17/01/2020 09:05:31,2020-07-04,2020-07-23,GRU,MIA,3372
73,17/01/2020 09:05:31,2020-07-05,2020-07-17,GRU,MIA,3097
74,17/01/2020 09:05:31,2020-07-05,2020-07-18,GRU,MIA,3110
75,17/01/2020 09:05:31,2020-07-05,2020-07-19,GRU,MIA,3147
76,17/01/2020 09:05:31,2020-07-05,2020-07-20,GRU,MIA,3179
77,17/01/2020 09:05:31,2020-07-05,2020-07-21,GRU,MIA,3143
78,17/01/2020 09:05:31,2020-07-05,2020-07-22,GRU,MIA,3163
79,17/01/2020 09:05:31,2020-07-05,2020-07-23,GRU,MIA,3185
80,17/01/2020 09:05:31,2020-07-06,2020-07-17,GRU,MIA,3110
81,17/01/2020 09:05:31,2020-07-06,2020-07-18,GRU,MIA,3634
82,17/01/2020 09:05:31,2020-07-06,2020-07-19,GRU,MIA,3089
83,17/01/2020 09:05:31,2020-07-06,2020-07-20,GRU,MIA,3380
84,17/01/2020 09:05:31,2020-07-06,2020-07-21,GRU,MIA,3278
85,17/01/2020 09:05:31,2020-07-06,2020-07-22,GRU,MIA,3054
86,17/01/2020 09:05:31,2020-07-06,2020-07-23,GRU,MIA,3123
87,17/01/2020 09:05:32,2020-07-07,2020-07-17,GRU,MIA,3062
88,17/01/2020 09:05:32,2020-07-07,2020-07-18,GRU,MIA,3157
89,17/01/2020 09:05:32,2020-07-07,2020-07-19,GRU,MIA,3128
90,17/01/2020 09:05:32,2020-07-07,2020-07-20,GRU,MIA,3138
91,17/01/2020 09:05:32,2020-07-07,2020-07-21,GRU,MIA,3122
92,17/01/2020 09:05:32,2020-07-07,2020-07-22,GRU,MIA,3137
93,17/01/2020 09:05:32,2020-07-07,2020-07-23,GRU,MIA,3150
94,17/01/2020 09:05:32,2020-07-08,2020-07-17,GRU,MIA,3068
95,17/01/2020 09:05:32,2020-07-08,2020-07-18,GRU,MIA,3103
96,17/01/2020 09:05:32,2020-07-08,2020-07-19,GRU,MIA,3151
97,17/01/2020 09:05:32,2020-07-08,2020-07-20,GRU,MIA,3208
98,17/01/2020 09:05:32,2020-07-08,2020-07-21,GRU,MIA,3156
99,17/01/2020 09:05:32,2020-07-08,2020-07-22,GRU,MIA,3215
100,17/01/2020 09:05:32,2020-07-08,2020-07-23,GRU,MIA,3527
101,17/01/2020 09:05:46,2020-07-05,2020-07-20,GIG,ATL,5690
102,17/01/2020 09:05:46,2020-07-07,2020-07-18,GIG,ATL,6177
103,17/01/2020 09:05:46,2020-07-02,2020-07-17,GIG,MIA,3121
104,17/01/2020 09:05:46,2020-07-02,2020-07-18,GIG,MIA,3122
105,17/01/2020 09:05:46,2020-07-02,2020-07-19,GIG,MIA,3126
106,17/01/2020 09:05:46,2020-07-02,2020-07-20,GIG,MIA,3189
107,17/01/2020 09:05:46,2020-07-02,2020-07-21,GIG,MIA,3129
108,17/01/2020 09:05:46,2020-07-02,2020-07-22,GIG,MIA,3139
109,17/01/2020 09:05:46,2020-07-02,2020-07-23,GIG,MIA,3143
110,17/01/2020 09:05:46,2020-07-03,2020-07-17,GIG,MIA,3085
111,17/01/2020 09:05:46,2020-07-03,2020-07-18,GIG,MIA,3091
112,17/01/2020 09:05:46,2020-07-03,2020-07-19,GIG,MIA,3094
113,17/01/2020 09:05:46,2020-07-03,2020-07-20,GIG,MIA,3133
114,17/01/2020 09:05:46,2020-07-03,2020-07-21,GIG,MIA,3108
115,17/01/2020 09:05:46,2020-07-03,2020-07-22,GIG,MIA,3078
116,17/01/2020 09:05:46,2020-07-03,2020-07-23,GIG,MIA,3112
117,17/01/2020 09:05:46,2020-07-04,2020-07-17,GIG,MIA,3056
118,17/01/2020 09:05:46,2020-07-04,2020-07-18,GIG,MIA,3116
119,17/01/2020 09:05:46,2020-07-04,2020-07-19,GIG,MIA,3105
120,17/01/2020 09:05:46,2020-07-04,2020-07-20,GIG,MIA,3127
121,17/01/2020 09:05:46,2020-07-04,2020-07-21,GIG,MIA,3079
122,17/01/2020 09:05:46,2020-07-04,2020-07-22,GIG,MIA,3076
123,17/01/2020 09:05:46,2020-07-04,2020-07-23,GIG,MIA,3110
124,17/01/2020 09:05:46,2020-07-05,2020-07-17,GIG,MIA,3068
125,17/01/2020 09:05:46,2020-07-05,2020-07-18,GIG,MIA,3069
126,17/01/2020 09:05:46,2020-07-05,2020-07-19,GIG,MIA,3092
127,17/01/2020 09:05:46,2020-07-05,2020-07-20,GIG,MIA,3140
128,17/01/2020 09:05:46,2020-07-05,2020-07-21,GIG,MIA,3092
129,17/01/2020 09:05:46,2020-07-05,2020-07-22,GIG,MIA,3083
130,17/01/2020 09:05:46,2020-07-05,2020-07-23,GIG,MIA,3123
131,17/01/2020 09:05:46,2020-07-06,2020-07-17,GIG,MIA,3215
132,17/01/2020 09:05:46,2020-07-06,2020-07-18,GIG,MIA,3192
133,17/01/2020 09:05:46,2020-07-06,2020-07-19,GIG,MIA,3182
134,17/01/2020 09:05:46,2020-07-06,2020-07-20,GIG,MIA,3251
135,17/01/2020 09:05:46,2020-07-06,2020-07-21,GIG,MIA,3239
136,17/01/2020 09:05:46,2020-07-06,2020-07-22,GIG,MIA,3253
137,17/01/2020 09:05:46,2020-07-06,2020-07-23,GIG,MIA,3237
138,17/01/2020 09:05:46,2020-07-07,2020-07-17,GIG,MIA,3211
139,17/01/2020 09:05:46,2020-07-07,2020-07-18,GIG,MIA,3765
140,17/01/2020 09:05:46,2020-07-07,2020-07-19,GIG,MIA,3168
141,17/01/2020 09:05:46,2020-07-07,2020-07-20,GIG,MIA,3236
142,17/01/2020 09:05:46,2020-07-07,2020-07-21,GIG,MIA,3240
143,17/01/2020 09:05:46,2020-07-07,2020-07-22,GIG,MIA,3248
144,17/01/2020 09:05:46,2020-07-07,2020-07-23,GIG,MIA,3225
145,17/01/2020 09:05:46,2020-07-08,2020-07-17,GIG,MIA,3252
146,17/01/2020 09:05:46,2020-07-08,2020-07-18,GIG,MIA,3242
147,17/01/2020 09:05:46,2020-07-08,2020-07-19,GIG,MIA,3221
148,17/01/2020 09:05:46,2020-07-08,2020-07-20,GIG,MIA,3233
149,17/01/2020 09:05:46,2020-07-08,2020-07-21,GIG,MIA,3213
150,17/01/2020 09:05:46,2020-07-08,2020-07-22,GIG,MIA,3266
151,17/01/2020 09:05:46,2020-07-08,2020-07-23,GIG,MIA,3260
0,17/01/2020 10:12:47,2020-07-05,2020-07-20,POA,ATL,6175
1,17/01/2020 10:12:48,2020-07-02,2020-07-17,POA,MIA,3604
2,17/01/2020 10:12:48,2020-07-02,2020-07-18,POA,MIA,3696
3,17/01/2020 10:12:48,2020-07-02,2020-07-19,POA,MIA,3754
4,17/01/2020 10:12:48,2020-07-02,2020-07-20,POA,MIA,3552
5,17/01/2020 10:12:48,2020-07-02,2020-07-21,POA,MIA,3652
6,17/01/2020 10:12:48,2020-07-02,2020-07-22,POA,MIA,3662
7,17/01/2020 10:12:48,2020-07-02,2020-07-23,POA,MIA,3674
8,17/01/2020 10:12:48,2020-07-03,2020-07-17,POA,MIA,3757
9,17/01/2020 10:12:48,2020-07-03,2020-07-18,POA,MIA,3832
10,17/01/2020 10:12:48,2020-07-03,2020-07-19,POA,MIA,3831
11,17/01/2020 10:12:48,2020-07-03,2020-07-20,POA,MIA,3686
12,17/01/2020 10:12:48,2020-07-03,2020-07-21,POA,MIA,3683
13,17/01/2020 10:12:48,2020-07-03,2020-07-22,POA,MIA,3696
14,17/01/2020 10:12:48,2020-07-03,2020-07-23,POA,MIA,3748
15,17/01/2020 10:12:48,2020-07-04,2020-07-17,POA,MIA,3826
16,17/01/2020 10:12:48,2020-07-04,2020-07-18,POA,MIA,4025
17,17/01/2020 10:12:48,2020-07-04,2020-07-19,POA,MIA,3846
18,17/01/2020 10:12:48,2020-07-04,2020-07-20,POA,MIA,3832
19,17/01/2020 10:12:48,2020-07-04,2020-07-21,POA,MIA,3821
20,17/01/2020 10:12:48,2020-07-04,2020-07-22,POA,MIA,3844
21,17/01/2020 10:12:48,2020-07-04,2020-07-23,POA,MIA,3816
22,17/01/2020 10:12:48,2020-07-05,2020-07-17,POA,MIA,3937
23,17/01/2020 10:12:48,2020-07-05,2020-07-18,POA,MIA,3994
24,17/01/2020 10:12:48,2020-07-05,2020-07-19,POA,MIA,4010
25,17/01/2020 10:12:48,2020-07-05,2020-07-20,POA,MIA,3973
26,17/01/2020 10:12:48,2020-07-05,2020-07-21,POA,MIA,3954
27,17/01/2020 10:12:48,2020-07-05,2020-07-22,POA,MIA,3966
28,17/01/2020 10:12:48,2020-07-05,2020-07-23,POA,MIA,3992
29,17/01/2020 10:12:48,2020-07-06,2020-07-17,POA,MIA,3930
30,17/01/2020 10:12:48,2020-07-06,2020-07-18,POA,MIA,3964
31,17/01/2020 10:12:48,2020-07-06,2020-07-19,POA,MIA,3993
32,17/01/2020 10:12:48,2020-07-06,2020-07-20,POA,MIA,3879
33,17/01/2020 10:12:48,2020-07-06,2020-07-21,POA,MIA,3803
34,17/01/2020 10:12:48,2020-07-06,2020-07-22,POA,MIA,3723
35,17/01/2020 10:12:48,2020-07-06,2020-07-23,POA,MIA,3729
36,17/01/2020 10:12:48,2020-07-07,2020-07-17,POA,MIA,3898
37,17/01/2020 10:12:48,2020-07-07,2020-07-18,POA,MIA,3996
38,17/01/2020 10:12:48,2020-07-07,2020-07-19,POA,MIA,4046
39,17/01/2020 10:12:48,2020-07-07,2020-07-20,POA,MIA,3895
40,17/01/2020 10:12:48,2020-07-07,2020-07-21,POA,MIA,3840
41,17/01/2020 10:12:48,2020-07-07,2020-07-22,POA,MIA,3895
42,17/01/2020 10:12:48,2020-07-07,2020-07-23,POA,MIA,3770
43,17/01/2020 10:12:48,2020-07-08,2020-07-17,POA,MIA,3861
44,17/01/2020 10:12:48,2020-07-08,2020-07-18,POA,MIA,3948
45,17/01/2020 10:12:48,2020-07-08,2020-07-19,POA,MIA,4073
46,17/01/2020 10:12:48,2020-07-08,2020-07-20,POA,MIA,3921
47,17/01/2020 10:12:48,2020-07-08,2020-07-21,POA,MIA,3846
48,17/01/2020 10:12:48,2020-07-08,2020-07-22,POA,MIA,3889
49,17/01/2020 10:12:48,2020-07-08,2020-07-23,POA,MIA,3909
50,17/01/2020 10:12:49,2020-07-04,2020-07-22,GRU,ATL,5496
51,17/01/2020 10:12:49,2020-07-05,2020-07-20,GRU,ATL,4865
52,17/01/2020 10:12:50,2020-07-02,2020-07-17,GRU,MIA,3424
53,17/01/2020 10:12:50,2020-07-02,2020-07-18,GRU,MIA,3419
54,17/01/2020 10:12:50,2020-07-02,2020-07-19,GRU,MIA,3348
55,17/01/2020 10:12:50,2020-07-02,2020-07-20,GRU,MIA,3454
56,17/01/2020 10:12:50,2020-07-02,2020-07-21,GRU,MIA,3424
57,17/01/2020 10:12:50,2020-07-02,2020-07-22,GRU,MIA,3414
58,17/01/2020 10:12:50,2020-07-02,2020-07-23,GRU,MIA,3411
59,17/01/2020 10:12:50,2020-07-03,2020-07-17,GRU,MIA,3425
60,17/01/2020 10:12:50,2020-07-03,2020-07-18,GRU,MIA,3779
61,17/01/2020 10:12:50,2020-07-03,2020-07-19,GRU,MIA,3350
62,17/01/2020 10:12:50,2020-07-03,2020-07-20,GRU,MIA,3502
63,17/01/2020 10:12:50,2020-07-03,2020-07-21,GRU,MIA,3491
64,17/01/2020 10:12:50,2020-07-03,2020-07-22,GRU,MIA,3492
65,17/01/2020 10:12:50,2020-07-03,2020-07-23,GRU,MIA,3475
66,17/01/2020 10:12:50,2020-07-04,2020-07-17,GRU,MIA,3433
67,17/01/2020 10:12:50,2020-07-04,2020-07-18,GRU,MIA,3414
68,17/01/2020 10:12:50,2020-07-04,2020-07-19,GRU,MIA,3339
69,17/01/2020 10:12:50,2020-07-04,2020-07-20,GRU,MIA,3490
70,17/01/2020 10:12:50,2020-07-04,2020-07-21,GRU,MIA,3479
71,17/01/2020 10:12:50,2020-07-04,2020-07-22,GRU,MIA,3470
72,17/01/2020 10:12:50,2020-07-04,2020-07-23,GRU,MIA,3448
73,17/01/2020 10:12:50,2020-07-05,2020-07-17,GRU,MIA,3393
74,17/01/2020 10:12:50,2020-07-05,2020-07-18,GRU,MIA,3419
75,17/01/2020 10:12:50,2020-07-05,2020-07-19,GRU,MIA,3346
76,17/01/2020 10:12:50,2020-07-05,2020-07-20,GRU,MIA,3477
77,17/01/2020 10:12:50,2020-07-05,2020-07-21,GRU,MIA,3438
78,17/01/2020 10:12:50,2020-07-05,2020-07-22,GRU,MIA,3465
79,17/01/2020 10:12:50,2020-07-05,2020-07-23,GRU,MIA,3443
80,17/01/2020 10:12:50,2020-07-06,2020-07-17,GRU,MIA,3337
81,17/01/2020 10:12:50,2020-07-06,2020-07-18,GRU,MIA,3634
82,17/01/2020 10:12:50,2020-07-06,2020-07-19,GRU,MIA,3269
83,17/01/2020 10:12:50,2020-07-06,2020-07-20,GRU,MIA,3380
84,17/01/2020 10:12:50,2020-07-06,2020-07-21,GRU,MIA,3278
85,17/01/2020 10:12:50,2020-07-06,2020-07-22,GRU,MIA,3160
86,17/01/2020 10:12:50,2020-07-06,2020-07-23,GRU,MIA,3299
87,17/01/2020 10:12:50,2020-07-07,2020-07-17,GRU,MIA,3291
88,17/01/2020 10:12:50,2020-07-07,2020-07-18,GRU,MIA,3318
89,17/01/2020 10:12:50,2020-07-07,2020-07-19,GRU,MIA,3306
90,17/01/2020 10:12:50,2020-07-07,2020-07-20,GRU,MIA,3260
91,17/01/2020 10:12:50,2020-07-07,2020-07-21,GRU,MIA,3183
92,17/01/2020 10:12:50,2020-07-07,2020-07-22,GRU,MIA,3202
93,17/01/2020 10:12:50,2020-07-07,2020-07-23,GRU,MIA,3310
94,17/01/2020 10:12:50,2020-07-08,2020-07-17,GRU,MIA,3245
95,17/01/2020 10:12:50,2020-07-08,2020-07-18,GRU,MIA,3311
96,17/01/2020 10:12:50,2020-07-08,2020-07-19,GRU,MIA,3302
97,17/01/2020 10:12:50,2020-07-08,2020-07-20,GRU,MIA,3317
98,17/01/2020 10:12:50,2020-07-08,2020-07-21,GRU,MIA,3240
99,17/01/2020 10:12:50,2020-07-08,2020-07-22,GRU,MIA,3273
100,17/01/2020 10:12:50,2020-07-08,2020-07-23,GRU,MIA,3527
101,17/01/2020 10:12:50,2020-07-05,2020-07-20,GIG,ATL,5690
102,17/01/2020 10:12:50,2020-07-07,2020-07-18,GIG,ATL,6177
103,17/01/2020 10:12:51,2020-07-02,2020-07-17,GIG,MIA,3194
104,17/01/2020 10:12:51,2020-07-02,2020-07-18,GIG,MIA,3172
105,17/01/2020 10:12:51,2020-07-02,2020-07-19,GIG,MIA,3159
106,17/01/2020 10:12:51,2020-07-02,2020-07-20,GIG,MIA,3168
107,17/01/2020 10:12:51,2020-07-02,2020-07-21,GIG,MIA,3168
108,17/01/2020 10:12:51,2020-07-02,2020-07-22,GIG,MIA,3189
109,17/01/2020 10:12:51,2020-07-02,2020-07-23,GIG,MIA,3226
110,17/01/2020 10:12:51,2020-07-03,2020-07-17,GIG,MIA,3167
111,17/01/2020 10:12:51,2020-07-03,2020-07-18,GIG,MIA,3161
112,17/01/2020 10:12:51,2020-07-03,2020-07-19,GIG,MIA,3158
113,17/01/2020 10:12:51,2020-07-03,2020-07-20,GIG,MIA,3134
114,17/01/2020 10:12:51,2020-07-03,2020-07-21,GIG,MIA,3162
115,17/01/2020 10:12:51,2020-07-03,2020-07-22,GIG,MIA,3185
116,17/01/2020 10:12:51,2020-07-03,2020-07-23,GIG,MIA,3214
117,17/01/2020 10:12:51,2020-07-04,2020-07-17,GIG,MIA,3108
118,17/01/2020 10:12:51,2020-07-04,2020-07-18,GIG,MIA,3164
119,17/01/2020 10:12:51,2020-07-04,2020-07-19,GIG,MIA,3162
120,17/01/2020 10:12:51,2020-07-04,2020-07-20,GIG,MIA,3135
121,17/01/2020 10:12:51,2020-07-04,2020-07-21,GIG,MIA,3131
122,17/01/2020 10:12:51,2020-07-04,2020-07-22,GIG,MIA,3183
123,17/01/2020 10:12:51,2020-07-04,2020-07-23,GIG,MIA,3204
124,17/01/2020 10:12:51,2020-07-05,2020-07-17,GIG,MIA,3119
125,17/01/2020 10:12:51,2020-07-05,2020-07-18,GIG,MIA,3121
126,17/01/2020 10:12:51,2020-07-05,2020-07-19,GIG,MIA,3155
127,17/01/2020 10:12:51,2020-07-05,2020-07-20,GIG,MIA,3150
128,17/01/2020 10:12:51,2020-07-05,2020-07-21,GIG,MIA,3150
129,17/01/2020 10:12:51,2020-07-05,2020-07-22,GIG,MIA,3179
130,17/01/2020 10:12:51,2020-07-05,2020-07-23,GIG,MIA,3209
131,17/01/2020 10:12:51,2020-07-06,2020-07-17,GIG,MIA,3136
132,17/01/2020 10:12:51,2020-07-06,2020-07-18,GIG,MIA,3126
133,17/01/2020 10:12:51,2020-07-06,2020-07-19,GIG,MIA,3118
134,17/01/2020 10:12:51,2020-07-06,2020-07-20,GIG,MIA,3165
135,17/01/2020 10:12:51,2020-07-06,2020-07-21,GIG,MIA,3193
136,17/01/2020 10:12:51,2020-07-06,2020-07-22,GIG,MIA,3206
137,17/01/2020 10:12:51,2020-07-06,2020-07-23,GIG,MIA,3238
138,17/01/2020 10:12:51,2020-07-07,2020-07-17,GIG,MIA,3120
139,17/01/2020 10:12:51,2020-07-07,2020-07-18,GIG,MIA,3765
140,17/01/2020 10:12:51,2020-07-07,2020-07-19,GIG,MIA,3104
141,17/01/2020 10:12:51,2020-07-07,2020-07-20,GIG,MIA,3084
142,17/01/2020 10:12:51,2020-07-07,2020-07-21,GIG,MIA,3143
143,17/01/2020 10:12:51,2020-07-07,2020-07-22,GIG,MIA,3193
144,17/01/2020 10:12:51,2020-07-07,2020-07-23,GIG,MIA,3230
145,17/01/2020 10:12:51,2020-07-08,2020-07-17,GIG,MIA,3241
146,17/01/2020 10:12:51,2020-07-08,2020-07-18,GIG,MIA,3148
147,17/01/2020 10:12:51,2020-07-08,2020-07-19,GIG,MIA,3137
148,17/01/2020 10:12:51,2020-07-08,2020-07-20,GIG,MIA,3109
149,17/01/2020 10:12:51,2020-07-08,2020-07-21,GIG,MIA,3123
150,17/01/2020 10:12:51,2020-07-08,2020-07-22,GIG,MIA,3188
151,17/01/2020 10:12:51,2020-07-08,2020-07-23,GIG,MIA,3233
0,17/01/2020 10:45:37,2020-07-05,2020-07-20,POA,ATL,6175
1,17/01/2020 10:45:38,2020-07-02,2020-07-17,POA,MIA,3604
2,17/01/2020 10:45:38,2020-07-02,2020-07-18,POA,MIA,3696
3,17/01/2020 10:45:38,2020-07-02,2020-07-19,POA,MIA,3754
4,17/01/2020 10:45:38,2020-07-02,2020-07-20,POA,MIA,3552
5,17/01/2020 10:45:38,2020-07-02,2020-07-21,POA,MIA,3652
6,17/01/2020 10:45:38,2020-07-02,2020-07-22,POA,MIA,3662
7,17/01/2020 10:45:38,2020-07-02,2020-07-23,POA,MIA,3674
8,17/01/2020 10:45:38,2020-07-03,2020-07-17,POA,MIA,3757
9,17/01/2020 10:45:38,2020-07-03,2020-07-18,POA,MIA,3832
10,17/01/2020 10:45:38,2020-07-03,2020-07-19,POA,MIA,3831
11,17/01/2020 10:45:38,2020-07-03,2020-07-20,POA,MIA,3686
12,17/01/2020 10:45:38,2020-07-03,2020-07-21,POA,MIA,3683
13,17/01/2020 10:45:38,2020-07-03,2020-07-22,POA,MIA,3696
14,17/01/2020 10:45:38,2020-07-03,2020-07-23,POA,MIA,3748
15,17/01/2020 10:45:38,2020-07-04,2020-07-17,POA,MIA,3826
16,17/01/2020 10:45:38,2020-07-04,2020-07-18,POA,MIA,4025
17,17/01/2020 10:45:38,2020-07-04,2020-07-19,POA,MIA,3846
18,17/01/2020 10:45:38,2020-07-04,2020-07-20,POA,MIA,3832
19,17/01/2020 10:45:38,2020-07-04,2020-07-21,POA,MIA,3821
20,17/01/2020 10:45:38,2020-07-04,2020-07-22,POA,MIA,3844
21,17/01/2020 10:45:38,2020-07-04,2020-07-23,POA,MIA,3816
22,17/01/2020 10:45:38,2020-07-05,2020-07-17,POA,MIA,3937
23,17/01/2020 10:45:38,2020-07-05,2020-07-18,POA,MIA,3994
24,17/01/2020 10:45:38,2020-07-05,2020-07-19,POA,MIA,4010
25,17/01/2020 10:45:38,2020-07-05,2020-07-20,POA,MIA,3973
26,17/01/2020 10:45:38,2020-07-05,2020-07-21,POA,MIA,3954
27,17/01/2020 10:45:38,2020-07-05,2020-07-22,POA,MIA,3966
28,17/01/2020 10:45:38,2020-07-05,2020-07-23,POA,MIA,3992
29,17/01/2020 10:45:38,2020-07-06,2020-07-17,POA,MIA,3930
30,17/01/2020 10:45:38,2020-07-06,2020-07-18,POA,MIA,3964
31,17/01/2020 10:45:38,2020-07-06,2020-07-19,POA,MIA,3993
32,17/01/2020 10:45:38,2020-07-06,2020-07-20,POA,MIA,3879
33,17/01/2020 10:45:38,2020-07-06,2020-07-21,POA,MIA,3803
34,17/01/2020 10:45:38,2020-07-06,2020-07-22,POA,MIA,3723
35,17/01/2020 10:45:38,2020-07-06,2020-07-23,POA,MIA,3729
36,17/01/2020 10:45:38,2020-07-07,2020-07-17,POA,MIA,3898
37,17/01/2020 10:45:38,2020-07-07,2020-07-18,POA,MIA,3996
38,17/01/2020 10:45:38,2020-07-07,2020-07-19,POA,MIA,4046
39,17/01/2020 10:45:38,2020-07-07,2020-07-20,POA,MIA,3895
40,17/01/2020 10:45:38,2020-07-07,2020-07-21,POA,MIA,3840
41,17/01/2020 10:45:38,2020-07-07,2020-07-22,POA,MIA,3895
42,17/01/2020 10:45:38,2020-07-07,2020-07-23,POA,MIA,3770
43,17/01/2020 10:45:38,2020-07-08,2020-07-17,POA,MIA,3861
44,17/01/2020 10:45:38,2020-07-08,2020-07-18,POA,MIA,3948
45,17/01/2020 10:45:38,2020-07-08,2020-07-19,POA,MIA,4073
46,17/01/2020 10:45:38,2020-07-08,2020-07-20,POA,MIA,3921
47,17/01/2020 10:45:38,2020-07-08,2020-07-21,POA,MIA,3846
48,17/01/2020 10:45:38,2020-07-08,2020-07-22,POA,MIA,3889
49,17/01/2020 10:45:38,2020-07-08,2020-07-23,POA,MIA,3909
50,17/01/2020 10:45:38,2020-07-04,2020-07-22,GRU,ATL,5496
51,17/01/2020 10:45:38,2020-07-05,2020-07-20,GRU,ATL,4865
52,17/01/2020 10:45:39,2020-07-02,2020-07-17,GRU,MIA,3424
53,17/01/2020 10:45:39,2020-07-02,2020-07-18,GRU,MIA,3419
54,17/01/2020 10:45:39,2020-07-02,2020-07-19,GRU,MIA,3348
55,17/01/2020 10:45:39,2020-07-02,2020-07-20,GRU,MIA,3454
56,17/01/2020 10:45:39,2020-07-02,2020-07-21,GRU,MIA,3424
57,17/01/2020 10:45:39,2020-07-02,2020-07-22,GRU,MIA,3414
58,17/01/2020 10:45:39,2020-07-02,2020-07-23,GRU,MIA,3411
59,17/01/2020 10:45:39,2020-07-03,2020-07-17,GRU,MIA,3425
60,17/01/2020 10:45:39,2020-07-03,2020-07-18,GRU,MIA,3779
61,17/01/2020 10:45:39,2020-07-03,2020-07-19,GRU,MIA,3350
62,17/01/2020 10:45:39,2020-07-03,2020-07-20,GRU,MIA,3502
63,17/01/2020 10:45:39,2020-07-03,2020-07-21,GRU,MIA,3491
64,17/01/2020 10:45:39,2020-07-03,2020-07-22,GRU,MIA,3492
65,17/01/2020 10:45:39,2020-07-03,2020-07-23,GRU,MIA,3475
66,17/01/2020 10:45:39,2020-07-04,2020-07-17,GRU,MIA,3433
67,17/01/2020 10:45:39,2020-07-04,2020-07-18,GRU,MIA,3414
68,17/01/2020 10:45:39,2020-07-04,2020-07-19,GRU,MIA,3339
69,17/01/2020 10:45:39,2020-07-04,2020-07-20,GRU,MIA,3490
70,17/01/2020 10:45:39,2020-07-04,2020-07-21,GRU,MIA,3479
71,17/01/2020 10:45:39,2020-07-04,2020-07-22,GRU,MIA,3470
72,17/01/2020 10:45:39,2020-07-04,2020-07-23,GRU,MIA,3448
73,17/01/2020 10:45:39,2020-07-05,2020-07-17,GRU,MIA,3393
74,17/01/2020 10:45:39,2020-07-05,2020-07-18,GRU,MIA,3419
75,17/01/2020 10:45:39,2020-07-05,2020-07-19,GRU,MIA,3346
76,17/01/2020 10:45:39,2020-07-05,2020-07-20,GRU,MIA,3477
77,17/01/2020 10:45:39,2020-07-05,2020-07-21,GRU,MIA,3438
78,17/01/2020 10:45:39,2020-07-05,2020-07-22,GRU,MIA,3465
79,17/01/2020 10:45:39,2020-07-05,2020-07-23,GRU,MIA,3443
80,17/01/2020 10:45:39,2020-07-06,2020-07-17,GRU,MIA,3337
81,17/01/2020 10:45:39,2020-07-06,2020-07-18,GRU,MIA,3634
82,17/01/2020 10:45:39,2020-07-06,2020-07-19,GRU,MIA,3269
83,17/01/2020 10:45:39,2020-07-06,2020-07-20,GRU,MIA,3380
84,17/01/2020 10:45:39,2020-07-06,2020-07-21,GRU,MIA,3278
85,17/01/2020 10:45:39,2020-07-06,2020-07-22,GRU,MIA,3160
86,17/01/2020 10:45:39,2020-07-06,2020-07-23,GRU,MIA,3299
87,17/01/2020 10:45:39,2020-07-07,2020-07-17,GRU,MIA,3291
88,17/01/2020 10:45:39,2020-07-07,2020-07-18,GRU,MIA,3318
89,17/01/2020 10:45:39,2020-07-07,2020-07-19,GRU,MIA,3306
90,17/01/2020 10:45:39,2020-07-07,2020-07-20,GRU,MIA,3260
91,17/01/2020 10:45:39,2020-07-07,2020-07-21,GRU,MIA,3183
92,17/01/2020 10:45:39,2020-07-07,2020-07-22,GRU,MIA,3202
93,17/01/2020 10:45:39,2020-07-07,2020-07-23,GRU,MIA,3310
94,17/01/2020 10:45:39,2020-07-08,2020-07-17,GRU,MIA,3245
95,17/01/2020 10:45:39,2020-07-08,2020-07-18,GRU,MIA,3311
96,17/01/2020 10:45:39,2020-07-08,2020-07-19,GRU,MIA,3302
97,17/01/2020 10:45:39,2020-07-08,2020-07-20,GRU,MIA,3317
98,17/01/2020 10:45:39,2020-07-08,2020-07-21,GRU,MIA,3240
99,17/01/2020 10:45:39,2020-07-08,2020-07-22,GRU,MIA,3273
100,17/01/2020 10:45:39,2020-07-08,2020-07-23,GRU,MIA,3527
101,17/01/2020 10:45:40,2020-07-05,2020-07-20,GIG,ATL,5690
102,17/01/2020 10:45:40,2020-07-07,2020-07-18,GIG,ATL,6177
103,17/01/2020 10:45:40,2020-07-02,2020-07-17,GIG,MIA,3194
104,17/01/2020 10:45:40,2020-07-02,2020-07-18,GIG,MIA,3172
105,17/01/2020 10:45:40,2020-07-02,2020-07-19,GIG,MIA,3159
106,17/01/2020 10:45:40,2020-07-02,2020-07-20,GIG,MIA,3168
107,17/01/2020 10:45:40,2020-07-02,2020-07-21,GIG,MIA,3168
108,17/01/2020 10:45:40,2020-07-02,2020-07-22,GIG,MIA,3189
109,17/01/2020 10:45:40,2020-07-02,2020-07-23,GIG,MIA,3226
110,17/01/2020 10:45:40,2020-07-03,2020-07-17,GIG,MIA,3167
111,17/01/2020 10:45:40,2020-07-03,2020-07-18,GIG,MIA,3161
112,17/01/2020 10:45:40,2020-07-03,2020-07-19,GIG,MIA,3158
113,17/01/2020 10:45:40,2020-07-03,2020-07-20,GIG,MIA,3134
114,17/01/2020 10:45:40,2020-07-03,2020-07-21,GIG,MIA,3162
115,17/01/2020 10:45:40,2020-07-03,2020-07-22,GIG,MIA,3185
116,17/01/2020 10:45:40,2020-07-03,2020-07-23,GIG,MIA,3214
117,17/01/2020 10:45:40,2020-07-04,2020-07-17,GIG,MIA,3108
118,17/01/2020 10:45:40,2020-07-04,2020-07-18,GIG,MIA,3164
119,17/01/2020 10:45:40,2020-07-04,2020-07-19,GIG,MIA,3162
120,17/01/2020 10:45:40,2020-07-04,2020-07-20,GIG,MIA,3135
121,17/01/2020 10:45:40,2020-07-04,2020-07-21,GIG,MIA,3131
122,17/01/2020 10:45:40,2020-07-04,2020-07-22,GIG,MIA,3183
123,17/01/2020 10:45:40,2020-07-04,2020-07-23,GIG,MIA,3204
124,17/01/2020 10:45:40,2020-07-05,2020-07-17,GIG,MIA,3119
125,17/01/2020 10:45:40,2020-07-05,2020-07-18,GIG,MIA,3121
126,17/01/2020 10:45:40,2020-07-05,2020-07-19,GIG,MIA,3155
127,17/01/2020 10:45:40,2020-07-05,2020-07-20,GIG,MIA,3150
128,17/01/2020 10:45:40,2020-07-05,2020-07-21,GIG,MIA,3150
129,17/01/2020 10:45:40,2020-07-05,2020-07-22,GIG,MIA,3179
130,17/01/2020 10:45:40,2020-07-05,2020-07-23,GIG,MIA,3209
131,17/01/2020 10:45:40,2020-07-06,2020-07-17,GIG,MIA,3136
132,17/01/2020 10:45:40,2020-07-06,2020-07-18,GIG,MIA,3126
133,17/01/2020 10:45:40,2020-07-06,2020-07-19,GIG,MIA,3118
134,17/01/2020 10:45:40,2020-07-06,2020-07-20,GIG,MIA,3165
135,17/01/2020 10:45:40,2020-07-06,2020-07-21,GIG,MIA,3193
136,17/01/2020 10:45:40,2020-07-06,2020-07-22,GIG,MIA,3206
137,17/01/2020 10:45:40,2020-07-06,2020-07-23,GIG,MIA,3238
138,17/01/2020 10:45:40,2020-07-07,2020-07-17,GIG,MIA,3120
139,17/01/2020 10:45:40,2020-07-07,2020-07-18,GIG,MIA,3765
140,17/01/2020 10:45:40,2020-07-07,2020-07-19,GIG,MIA,3104
141,17/01/2020 10:45:40,2020-07-07,2020-07-20,GIG,MIA,3084
142,17/01/2020 10:45:40,2020-07-07,2020-07-21,GIG,MIA,3143
143,17/01/2020 10:45:40,2020-07-07,2020-07-22,GIG,MIA,3193
144,17/01/2020 10:45:40,2020-07-07,2020-07-23,GIG,MIA,3230
145,17/01/2020 10:45:40,2020-07-08,2020-07-17,GIG,MIA,3241
146,17/01/2020 10:45:40,2020-07-08,2020-07-18,GIG,MIA,3148
147,17/01/2020 10:45:40,2020-07-08,2020-07-19,GIG,MIA,3137
148,17/01/2020 10:45:40,2020-07-08,2020-07-20,GIG,MIA,3109
149,17/01/2020 10:45:40,2020-07-08,2020-07-21,GIG,MIA,3123
150,17/01/2020 10:45:40,2020-07-08,2020-07-22,GIG,MIA,3188
151,17/01/2020 10:45:40,2020-07-08,2020-07-23,GIG,MIA,3233
0,17/01/2020 10:46:36,2020-07-05,2020-07-20,POA,ATL,6175
1,17/01/2020 10:46:37,2020-07-02,2020-07-17,POA,MIA,3604
2,17/01/2020 10:46:37,2020-07-02,2020-07-18,POA,MIA,3696
3,17/01/2020 10:46:37,2020-07-02,2020-07-19,POA,MIA,3754
4,17/01/2020 10:46:37,2020-07-02,2020-07-20,POA,MIA,3552
5,17/01/2020 10:46:37,2020-07-02,2020-07-21,POA,MIA,3652
6,17/01/2020 10:46:37,2020-07-02,2020-07-22,POA,MIA,3662
7,17/01/2020 10:46:37,2020-07-02,2020-07-23,POA,MIA,3674
8,17/01/2020 10:46:37,2020-07-03,2020-07-17,POA,MIA,3757
9,17/01/2020 10:46:37,2020-07-03,2020-07-18,POA,MIA,3832
10,17/01/2020 10:46:37,2020-07-03,2020-07-19,POA,MIA,3831
11,17/01/2020 10:46:37,2020-07-03,2020-07-20,POA,MIA,3686
12,17/01/2020 10:46:37,2020-07-03,2020-07-21,POA,MIA,3683
13,17/01/2020 10:46:37,2020-07-03,2020-07-22,POA,MIA,3696
14,17/01/2020 10:46:37,2020-07-03,2020-07-23,POA,MIA,3748
15,17/01/2020 10:46:37,2020-07-04,2020-07-17,POA,MIA,3826
16,17/01/2020 10:46:37,2020-07-04,2020-07-18,POA,MIA,4025
17,17/01/2020 10:46:37,2020-07-04,2020-07-19,POA,MIA,3846
18,17/01/2020 10:46:37,2020-07-04,2020-07-20,POA,MIA,3832
19,17/01/2020 10:46:37,2020-07-04,2020-07-21,POA,MIA,3821
20,17/01/2020 10:46:37,2020-07-04,2020-07-22,POA,MIA,3844
21,17/01/2020 10:46:37,2020-07-04,2020-07-23,POA,MIA,3816
22,17/01/2020 10:46:37,2020-07-05,2020-07-17,POA,MIA,3937
23,17/01/2020 10:46:37,2020-07-05,2020-07-18,POA,MIA,3994
24,17/01/2020 10:46:37,2020-07-05,2020-07-19,POA,MIA,4010
25,17/01/2020 10:46:37,2020-07-05,2020-07-20,POA,MIA,3973
26,17/01/2020 10:46:37,2020-07-05,2020-07-21,POA,MIA,3954
27,17/01/2020 10:46:37,2020-07-05,2020-07-22,POA,MIA,3966
28,17/01/2020 10:46:37,2020-07-05,2020-07-23,POA,MIA,3992
29,17/01/2020 10:46:37,2020-07-06,2020-07-17,POA,MIA,3930
30,17/01/2020 10:46:37,2020-07-06,2020-07-18,POA,MIA,3964
31,17/01/2020 10:46:37,2020-07-06,2020-07-19,POA,MIA,3993
32,17/01/2020 10:46:37,2020-07-06,2020-07-20,POA,MIA,3879
33,17/01/2020 10:46:37,2020-07-06,2020-07-21,POA,MIA,3803
34,17/01/2020 10:46:37,2020-07-06,2020-07-22,POA,MIA,3723
35,17/01/2020 10:46:37,2020-07-06,2020-07-23,POA,MIA,3729
36,17/01/2020 10:46:37,2020-07-07,2020-07-17,POA,MIA,3898
37,17/01/2020 10:46:37,2020-07-07,2020-07-18,POA,MIA,3996
38,17/01/2020 10:46:37,2020-07-07,2020-07-19,POA,MIA,4046
39,17/01/2020 10:46:37,2020-07-07,2020-07-20,POA,MIA,3895
40,17/01/2020 10:46:37,2020-07-07,2020-07-21,POA,MIA,3840
41,17/01/2020 10:46:37,2020-07-07,2020-07-22,POA,MIA,3895
42,17/01/2020 10:46:37,2020-07-07,2020-07-23,POA,MIA,3770
43,17/01/2020 10:46:37,2020-07-08,2020-07-17,POA,MIA,3861
44,17/01/2020 10:46:37,2020-07-08,2020-07-18,POA,MIA,3948
45,17/01/2020 10:46:37,2020-07-08,2020-07-19,POA,MIA,4073
46,17/01/2020 10:46:37,2020-07-08,2020-07-20,POA,MIA,3921
47,17/01/2020 10:46:37,2020-07-08,2020-07-21,POA,MIA,3846
48,17/01/2020 10:46:37,2020-07-08,2020-07-22,POA,MIA,3889
49,17/01/2020 10:46:37,2020-07-08,2020-07-23,POA,MIA,3909
50,17/01/2020 10:46:38,2020-07-04,2020-07-22,GRU,ATL,5496
51,17/01/2020 10:46:38,2020-07-05,2020-07-20,GRU,ATL,4865
52,17/01/2020 10:46:38,2020-07-02,2020-07-17,GRU,MIA,3424
53,17/01/2020 10:46:38,2020-07-02,2020-07-18,GRU,MIA,3419
54,17/01/2020 10:46:38,2020-07-02,2020-07-19,GRU,MIA,3348
55,17/01/2020 10:46:38,2020-07-02,2020-07-20,GRU,MIA,3527
56,17/01/2020 10:46:38,2020-07-02,2020-07-21,GRU,MIA,3424
57,17/01/2020 10:46:38,2020-07-02,2020-07-22,GRU,MIA,3414
58,17/01/2020 10:46:38,2020-07-02,2020-07-23,GRU,MIA,3411
59,17/01/2020 10:46:38,2020-07-03,2020-07-17,GRU,MIA,3425
60,17/01/2020 10:46:38,2020-07-03,2020-07-18,GRU,MIA,3779
61,17/01/2020 10:46:38,2020-07-03,2020-07-19,GRU,MIA,3350
62,17/01/2020 10:46:38,2020-07-03,2020-07-20,GRU,MIA,3502
63,17/01/2020 10:46:38,2020-07-03,2020-07-21,GRU,MIA,3491
64,17/01/2020 10:46:38,2020-07-03,2020-07-22,GRU,MIA,3492
65,17/01/2020 10:46:38,2020-07-03,2020-07-23,GRU,MIA,3475
66,17/01/2020 10:46:38,2020-07-04,2020-07-17,GRU,MIA,3433
67,17/01/2020 10:46:38,2020-07-04,2020-07-18,GRU,MIA,3414
68,17/01/2020 10:46:38,2020-07-04,2020-07-19,GRU,MIA,3339
69,17/01/2020 10:46:38,2020-07-04,2020-07-20,GRU,MIA,3490
70,17/01/2020 10:46:38,2020-07-04,2020-07-21,GRU,MIA,3479
71,17/01/2020 10:46:38,2020-07-04,2020-07-22,GRU,MIA,3470
72,17/01/2020 10:46:38,2020-07-04,2020-07-23,GRU,MIA,3448
73,17/01/2020 10:46:38,2020-07-05,2020-07-17,GRU,MIA,3393
74,17/01/2020 10:46:38,2020-07-05,2020-07-18,GRU,MIA,3419
75,17/01/2020 10:46:38,2020-07-05,2020-07-19,GRU,MIA,3346
76,17/01/2020 10:46:38,2020-07-05,2020-07-20,GRU,MIA,3477
77,17/01/2020 10:46:38,2020-07-05,2020-07-21,GRU,MIA,3438
78,17/01/2020 10:46:38,2020-07-05,2020-07-22,GRU,MIA,3465
79,17/01/2020 10:46:38,2020-07-05,2020-07-23,GRU,MIA,3443
80,17/01/2020 10:46:38,2020-07-06,2020-07-17,GRU,MIA,3337
81,17/01/2020 10:46:38,2020-07-06,2020-07-18,GRU,MIA,3634
82,17/01/2020 10:46:38,2020-07-06,2020-07-19,GRU,MIA,3269
83,17/01/2020 10:46:38,2020-07-06,2020-07-20,GRU,MIA,3380
84,17/01/2020 10:46:38,2020-07-06,2020-07-21,GRU,MIA,3278
85,17/01/2020 10:46:38,2020-07-06,2020-07-22,GRU,MIA,3160
86,17/01/2020 10:46:38,2020-07-06,2020-07-23,GRU,MIA,3299
87,17/01/2020 10:46:38,2020-07-07,2020-07-17,GRU,MIA,3291
88,17/01/2020 10:46:38,2020-07-07,2020-07-18,GRU,MIA,3318
89,17/01/2020 10:46:38,2020-07-07,2020-07-19,GRU,MIA,3306
90,17/01/2020 10:46:38,2020-07-07,2020-07-20,GRU,MIA,3260
91,17/01/2020 10:46:38,2020-07-07,2020-07-21,GRU,MIA,3183
92,17/01/2020 10:46:38,2020-07-07,2020-07-22,GRU,MIA,3202
93,17/01/2020 10:46:38,2020-07-07,2020-07-23,GRU,MIA,3310
94,17/01/2020 10:46:38,2020-07-08,2020-07-17,GRU,MIA,3245
95,17/01/2020 10:46:38,2020-07-08,2020-07-18,GRU,MIA,3311
96,17/01/2020 10:46:38,2020-07-08,2020-07-19,GRU,MIA,3302
97,17/01/2020 10:46:38,2020-07-08,2020-07-20,GRU,MIA,3317
98,17/01/2020 10:46:38,2020-07-08,2020-07-21,GRU,MIA,3240
99,17/01/2020 10:46:38,2020-07-08,2020-07-22,GRU,MIA,3273
100,17/01/2020 10:46:38,2020-07-08,2020-07-23,GRU,MIA,3527
101,17/01/2020 10:46:39,2020-07-05,2020-07-20,GIG,ATL,5690
102,17/01/2020 10:46:39,2020-07-07,2020-07-18,GIG,ATL,6177
103,17/01/2020 10:46:40,2020-07-02,2020-07-17,GIG,MIA,3194
104,17/01/2020 10:46:40,2020-07-02,2020-07-18,GIG,MIA,3172
105,17/01/2020 10:46:40,2020-07-02,2020-07-19,GIG,MIA,3159
106,17/01/2020 10:46:40,2020-07-02,2020-07-20,GIG,MIA,3168
107,17/01/2020 10:46:40,2020-07-02,2020-07-21,GIG,MIA,3168
108,17/01/2020 10:46:40,2020-07-02,2020-07-22,GIG,MIA,3189
109,17/01/2020 10:46:40,2020-07-02,2020-07-23,GIG,MIA,3226
110,17/01/2020 10:46:40,2020-07-03,2020-07-17,GIG,MIA,3167
111,17/01/2020 10:46:40,2020-07-03,2020-07-18,GIG,MIA,3161
112,17/01/2020 10:46:40,2020-07-03,2020-07-19,GIG,MIA,3158
113,17/01/2020 10:46:40,2020-07-03,2020-07-20,GIG,MIA,3134
114,17/01/2020 10:46:40,2020-07-03,2020-07-21,GIG,MIA,3162
115,17/01/2020 10:46:40,2020-07-03,2020-07-22,GIG,MIA,3185
116,17/01/2020 10:46:40,2020-07-03,2020-07-23,GIG,MIA,3214
117,17/01/2020 10:46:40,2020-07-04,2020-07-17,GIG,MIA,3108
118,17/01/2020 10:46:40,2020-07-04,2020-07-18,GIG,MIA,3164
119,17/01/2020 10:46:40,2020-07-04,2020-07-19,GIG,MIA,3162
120,17/01/2020 10:46:40,2020-07-04,2020-07-20,GIG,MIA,3135
121,17/01/2020 10:46:40,2020-07-04,2020-07-21,GIG,MIA,3131
122,17/01/2020 10:46:40,2020-07-04,2020-07-22,GIG,MIA,3183
123,17/01/2020 10:46:40,2020-07-04,2020-07-23,GIG,MIA,3204
124,17/01/2020 10:46:40,2020-07-05,2020-07-17,GIG,MIA,3119
125,17/01/2020 10:46:40,2020-07-05,2020-07-18,GIG,MIA,3121
126,17/01/2020 10:46:40,2020-07-05,2020-07-19,GIG,MIA,3155
127,17/01/2020 10:46:40,2020-07-05,2020-07-20,GIG,MIA,3150
128,17/01/2020 10:46:40,2020-07-05,2020-07-21,GIG,MIA,3150
129,17/01/2020 10:46:40,2020-07-05,2020-07-22,GIG,MIA,3179
130,17/01/2020 10:46:40,2020-07-05,2020-07-23,GIG,MIA,3209
131,17/01/2020 10:46:40,2020-07-06,2020-07-17,GIG,MIA,3136
132,17/01/2020 10:46:40,2020-07-06,2020-07-18,GIG,MIA,3126
133,17/01/2020 10:46:40,2020-07-06,2020-07-19,GIG,MIA,3118
134,17/01/2020 10:46:40,2020-07-06,2020-07-20,GIG,MIA,3165
135,17/01/2020 10:46:40,2020-07-06,2020-07-21,GIG,MIA,3193
136,17/01/2020 10:46:40,2020-07-06,2020-07-22,GIG,MIA,3206
137,17/01/2020 10:46:40,2020-07-06,2020-07-23,GIG,MIA,3238
138,17/01/2020 10:46:40,2020-07-07,2020-07-17,GIG,MIA,3120
139,17/01/2020 10:46:40,2020-07-07,2020-07-18,GIG,MIA,3765
140,17/01/2020 10:46:40,2020-07-07,2020-07-19,GIG,MIA,3104
141,17/01/2020 10:46:40,2020-07-07,2020-07-20,GIG,MIA,3084
142,17/01/2020 10:46:40,2020-07-07,2020-07-21,GIG,MIA,3143
143,17/01/2020 10:46:40,2020-07-07,2020-07-22,GIG,MIA,3193
144,17/01/2020 10:46:40,2020-07-07,2020-07-23,GIG,MIA,3230
145,17/01/2020 10:46:40,2020-07-08,2020-07-17,GIG,MIA,3241
146,17/01/2020 10:46:40,2020-07-08,2020-07-18,GIG,MIA,3148
147,17/01/2020 10:46:40,2020-07-08,2020-07-19,GIG,MIA,3137
148,17/01/2020 10:46:40,2020-07-08,2020-07-20,GIG,MIA,3109
149,17/01/2020 10:46:40,2020-07-08,2020-07-21,GIG,MIA,3123
150,17/01/2020 10:46:40,2020-07-08,2020-07-22,GIG,MIA,3188
151,17/01/2020 10:46:40,2020-07-08,2020-07-23,GIG,MIA,3233
0,17/01/2020 12:01:34,2020-07-05,2020-07-20,POA,ATL,6175
1,17/01/2020 12:01:35,2020-07-02,2020-07-17,POA,MIA,3637
2,17/01/2020 12:01:35,2020-07-02,2020-07-18,POA,MIA,3720
3,17/01/2020 12:01:35,2020-07-02,2020-07-19,POA,MIA,3716
4,17/01/2020 12:01:35,2020-07-02,2020-07-20,POA,MIA,3579
5,17/01/2020 12:01:35,2020-07-02,2020-07-21,POA,MIA,3544
6,17/01/2020 12:01:35,2020-07-02,2020-07-22,POA,MIA,3570
7,17/01/2020 12:01:35,2020-07-02,2020-07-23,POA,MIA,3646
8,17/01/2020 12:01:35,2020-07-03,2020-07-17,POA,MIA,3644
9,17/01/2020 12:01:35,2020-07-03,2020-07-18,POA,MIA,3823
10,17/01/2020 12:01:35,2020-07-03,2020-07-19,POA,MIA,3882
11,17/01/2020 12:01:35,2020-07-03,2020-07-20,POA,MIA,3622
12,17/01/2020 12:01:35,2020-07-03,2020-07-21,POA,MIA,3619
13,17/01/2020 12:01:35,2020-07-03,2020-07-22,POA,MIA,3640
14,17/01/2020 12:01:35,2020-07-03,2020-07-23,POA,MIA,3711
15,17/01/2020 12:01:35,2020-07-04,2020-07-17,POA,MIA,3859
16,17/01/2020 12:01:35,2020-07-04,2020-07-18,POA,MIA,4025
17,17/01/2020 12:01:35,2020-07-04,2020-07-19,POA,MIA,3994
18,17/01/2020 12:01:35,2020-07-04,2020-07-20,POA,MIA,3769
19,17/01/2020 12:01:35,2020-07-04,2020-07-21,POA,MIA,3792
20,17/01/2020 12:01:35,2020-07-04,2020-07-22,POA,MIA,3814
21,17/01/2020 12:01:35,2020-07-04,2020-07-23,POA,MIA,3852
22,17/01/2020 12:01:35,2020-07-05,2020-07-17,POA,MIA,3933
23,17/01/2020 12:01:35,2020-07-05,2020-07-18,POA,MIA,4081
24,17/01/2020 12:01:35,2020-07-05,2020-07-19,POA,MIA,4082
25,17/01/2020 12:01:35,2020-07-05,2020-07-20,POA,MIA,3863
26,17/01/2020 12:01:35,2020-07-05,2020-07-21,POA,MIA,3867
27,17/01/2020 12:01:35,2020-07-05,2020-07-22,POA,MIA,3902
28,17/01/2020 12:01:35,2020-07-05,2020-07-23,POA,MIA,3932
29,17/01/2020 12:01:35,2020-07-06,2020-07-17,POA,MIA,3776
30,17/01/2020 12:01:35,2020-07-06,2020-07-18,POA,MIA,3742
31,17/01/2020 12:01:35,2020-07-06,2020-07-19,POA,MIA,3726
32,17/01/2020 12:01:35,2020-07-06,2020-07-20,POA,MIA,3723
33,17/01/2020 12:01:35,2020-07-06,2020-07-21,POA,MIA,3647
34,17/01/2020 12:01:35,2020-07-06,2020-07-22,POA,MIA,3615
35,17/01/2020 12:01:35,2020-07-06,2020-07-23,POA,MIA,3620
36,17/01/2020 12:01:35,2020-07-07,2020-07-17,POA,MIA,3723
37,17/01/2020 12:01:35,2020-07-07,2020-07-18,POA,MIA,3713
38,17/01/2020 12:01:35,2020-07-07,2020-07-19,POA,MIA,3699
39,17/01/2020 12:01:35,2020-07-07,2020-07-20,POA,MIA,3641
40,17/01/2020 12:01:35,2020-07-07,2020-07-21,POA,MIA,3574
41,17/01/2020 12:01:35,2020-07-07,2020-07-22,POA,MIA,3619
42,17/01/2020 12:01:35,2020-07-07,2020-07-23,POA,MIA,3560
43,17/01/2020 12:01:35,2020-07-08,2020-07-17,POA,MIA,3711
44,17/01/2020 12:01:35,2020-07-08,2020-07-18,POA,MIA,3747
45,17/01/2020 12:01:35,2020-07-08,2020-07-19,POA,MIA,3887
46,17/01/2020 12:01:35,2020-07-08,2020-07-20,POA,MIA,3764
47,17/01/2020 12:01:35,2020-07-08,2020-07-21,POA,MIA,3690
48,17/01/2020 12:01:35,2020-07-08,2020-07-22,POA,MIA,3696
49,17/01/2020 12:01:35,2020-07-08,2020-07-23,POA,MIA,3712
50,17/01/2020 12:01:36,2020-07-05,2020-07-20,GRU,ATL,4865
51,17/01/2020 12:01:36,2020-07-02,2020-07-17,GRU,MIA,3602
52,17/01/2020 12:01:36,2020-07-02,2020-07-18,GRU,MIA,3605
53,17/01/2020 12:01:36,2020-07-02,2020-07-19,GRU,MIA,3525
54,17/01/2020 12:01:36,2020-07-02,2020-07-20,GRU,MIA,3527
55,17/01/2020 12:01:36,2020-07-02,2020-07-21,GRU,MIA,3387
56,17/01/2020 12:01:36,2020-07-02,2020-07-22,GRU,MIA,3399
57,17/01/2020 12:01:36,2020-07-02,2020-07-23,GRU,MIA,3452
58,17/01/2020 12:01:36,2020-07-03,2020-07-17,GRU,MIA,3634
59,17/01/2020 12:01:36,2020-07-03,2020-07-18,GRU,MIA,3779
60,17/01/2020 12:01:36,2020-07-03,2020-07-19,GRU,MIA,3493
61,17/01/2020 12:01:36,2020-07-03,2020-07-20,GRU,MIA,3479
62,17/01/2020 12:01:36,2020-07-03,2020-07-21,GRU,MIA,3479
63,17/01/2020 12:01:36,2020-07-03,2020-07-22,GRU,MIA,3487
64,17/01/2020 12:01:36,2020-07-03,2020-07-23,GRU,MIA,3533
65,17/01/2020 12:01:36,2020-07-04,2020-07-17,GRU,MIA,3614
66,17/01/2020 12:01:36,2020-07-04,2020-07-18,GRU,MIA,3779
67,17/01/2020 12:01:36,2020-07-04,2020-07-19,GRU,MIA,3506
68,17/01/2020 12:01:36,2020-07-04,2020-07-20,GRU,MIA,3493
69,17/01/2020 12:01:36,2020-07-04,2020-07-21,GRU,MIA,3488
70,17/01/2020 12:01:36,2020-07-04,2020-07-22,GRU,MIA,3492
71,17/01/2020 12:01:36,2020-07-04,2020-07-23,GRU,MIA,3558
72,17/01/2020 12:01:36,2020-07-05,2020-07-17,GRU,MIA,3499
73,17/01/2020 12:01:36,2020-07-05,2020-07-18,GRU,MIA,3516
74,17/01/2020 12:01:36,2020-07-05,2020-07-19,GRU,MIA,3463
75,17/01/2020 12:01:36,2020-07-05,2020-07-20,GRU,MIA,3436
76,17/01/2020 12:01:36,2020-07-05,2020-07-21,GRU,MIA,3406
77,17/01/2020 12:01:36,2020-07-05,2020-07-22,GRU,MIA,3432
78,17/01/2020 12:01:36,2020-07-05,2020-07-23,GRU,MIA,3482
79,17/01/2020 12:01:36,2020-07-06,2020-07-17,GRU,MIA,3500
80,17/01/2020 12:01:36,2020-07-06,2020-07-18,GRU,MIA,3634
81,17/01/2020 12:01:36,2020-07-06,2020-07-19,GRU,MIA,3458
82,17/01/2020 12:01:36,2020-07-06,2020-07-20,GRU,MIA,3380
83,17/01/2020 12:01:36,2020-07-06,2020-07-21,GRU,MIA,3142
84,17/01/2020 12:01:36,2020-07-06,2020-07-22,GRU,MIA,3127
85,17/01/2020 12:01:36,2020-07-06,2020-07-23,GRU,MIA,3289
86,17/01/2020 12:01:36,2020-07-07,2020-07-17,GRU,MIA,3507
87,17/01/2020 12:01:36,2020-07-07,2020-07-18,GRU,MIA,3565
88,17/01/2020 12:01:36,2020-07-07,2020-07-19,GRU,MIA,3546
89,17/01/2020 12:01:36,2020-07-07,2020-07-20,GRU,MIA,3527
90,17/01/2020 12:01:36,2020-07-07,2020-07-21,GRU,MIA,3229
91,17/01/2020 12:01:36,2020-07-07,2020-07-22,GRU,MIA,3204
92,17/01/2020 12:01:36,2020-07-07,2020-07-23,GRU,MIA,3302
93,17/01/2020 12:01:36,2020-07-08,2020-07-17,GRU,MIA,3504
94,17/01/2020 12:01:36,2020-07-08,2020-07-18,GRU,MIA,3566
95,17/01/2020 12:01:36,2020-07-08,2020-07-19,GRU,MIA,3505
96,17/01/2020 12:01:36,2020-07-08,2020-07-20,GRU,MIA,3325
97,17/01/2020 12:01:36,2020-07-08,2020-07-21,GRU,MIA,3248
98,17/01/2020 12:01:36,2020-07-08,2020-07-22,GRU,MIA,3256
99,17/01/2020 12:01:36,2020-07-08,2020-07-23,GRU,MIA,3527
100,17/01/2020 12:01:37,2020-07-05,2020-07-20,GIG,ATL,5690
101,17/01/2020 12:01:37,2020-07-07,2020-07-18,GIG,ATL,6177
102,17/01/2020 12:01:38,2020-07-02,2020-07-17,GIG,MIA,3289
103,17/01/2020 12:01:38,2020-07-02,2020-07-18,GIG,MIA,3222
104,17/01/2020 12:01:38,2020-07-02,2020-07-19,GIG,MIA,3195
105,17/01/2020 12:01:38,2020-07-02,2020-07-20,GIG,MIA,3380
106,17/01/2020 12:01:38,2020-07-02,2020-07-21,GIG,MIA,3413
107,17/01/2020 12:01:38,2020-07-02,2020-07-22,GIG,MIA,3397
108,17/01/2020 12:01:38,2020-07-02,2020-07-23,GIG,MIA,3385
109,17/01/2020 12:01:38,2020-07-03,2020-07-17,GIG,MIA,3254
110,17/01/2020 12:01:38,2020-07-03,2020-07-18,GIG,MIA,3259
111,17/01/2020 12:01:38,2020-07-03,2020-07-19,GIG,MIA,3200
112,17/01/2020 12:01:38,2020-07-03,2020-07-20,GIG,MIA,3277
113,17/01/2020 12:01:38,2020-07-03,2020-07-21,GIG,MIA,3345
114,17/01/2020 12:01:38,2020-07-03,2020-07-22,GIG,MIA,3330
115,17/01/2020 12:01:38,2020-07-03,2020-07-23,GIG,MIA,3311
116,17/01/2020 12:01:38,2020-07-04,2020-07-17,GIG,MIA,3309
117,17/01/2020 12:01:38,2020-07-04,2020-07-18,GIG,MIA,3283
118,17/01/2020 12:01:38,2020-07-04,2020-07-19,GIG,MIA,3281
119,17/01/2020 12:01:38,2020-07-04,2020-07-20,GIG,MIA,3325
120,17/01/2020 12:01:38,2020-07-04,2020-07-21,GIG,MIA,3336
121,17/01/2020 12:01:38,2020-07-04,2020-07-22,GIG,MIA,3366
122,17/01/2020 12:01:38,2020-07-04,2020-07-23,GIG,MIA,3351
123,17/01/2020 12:01:38,2020-07-05,2020-07-17,GIG,MIA,3337
124,17/01/2020 12:01:38,2020-07-05,2020-07-18,GIG,MIA,3328
125,17/01/2020 12:01:38,2020-07-05,2020-07-19,GIG,MIA,3280
126,17/01/2020 12:01:38,2020-07-05,2020-07-20,GIG,MIA,3350
127,17/01/2020 12:01:38,2020-07-05,2020-07-21,GIG,MIA,3383
128,17/01/2020 12:01:38,2020-07-05,2020-07-22,GIG,MIA,3380
129,17/01/2020 12:01:38,2020-07-05,2020-07-23,GIG,MIA,3371
130,17/01/2020 12:01:38,2020-07-06,2020-07-17,GIG,MIA,3347
131,17/01/2020 12:01:38,2020-07-06,2020-07-18,GIG,MIA,3284
132,17/01/2020 12:01:38,2020-07-06,2020-07-19,GIG,MIA,3289
133,17/01/2020 12:01:38,2020-07-06,2020-07-20,GIG,MIA,3364
134,17/01/2020 12:01:38,2020-07-06,2020-07-21,GIG,MIA,3422
135,17/01/2020 12:01:38,2020-07-06,2020-07-22,GIG,MIA,3418
136,17/01/2020 12:01:38,2020-07-06,2020-07-23,GIG,MIA,3388
137,17/01/2020 12:01:38,2020-07-07,2020-07-17,GIG,MIA,3327
138,17/01/2020 12:01:38,2020-07-07,2020-07-18,GIG,MIA,3765
139,17/01/2020 12:01:38,2020-07-07,2020-07-19,GIG,MIA,3279
140,17/01/2020 12:01:38,2020-07-07,2020-07-20,GIG,MIA,3441
141,17/01/2020 12:01:38,2020-07-07,2020-07-21,GIG,MIA,3448
142,17/01/2020 12:01:38,2020-07-07,2020-07-22,GIG,MIA,3461
143,17/01/2020 12:01:38,2020-07-07,2020-07-23,GIG,MIA,3445
144,17/01/2020 12:01:38,2020-07-08,2020-07-17,GIG,MIA,3380
145,17/01/2020 12:01:38,2020-07-08,2020-07-18,GIG,MIA,3387
146,17/01/2020 12:01:38,2020-07-08,2020-07-19,GIG,MIA,3315
147,17/01/2020 12:01:38,2020-07-08,2020-07-20,GIG,MIA,3454
148,17/01/2020 12:01:38,2020-07-08,2020-07-21,GIG,MIA,3519
149,17/01/2020 12:01:38,2020-07-08,2020-07-22,GIG,MIA,3487
150,17/01/2020 12:01:38,2020-07-08,2020-07-23,GIG,MIA,3493
0,17/01/2020 16:54:19,2020-07-05,2020-07-20,POA,ATL,6175
1,17/01/2020 16:54:20,2020-07-02,2020-07-17,POA,MIA,3632
2,17/01/2020 16:54:20,2020-07-02,2020-07-18,POA,MIA,3691
3,17/01/2020 16:54:20,2020-07-02,2020-07-19,POA,MIA,3873
4,17/01/2020 16:54:20,2020-07-02,2020-07-20,POA,MIA,3670
5,17/01/2020 16:54:20,2020-07-02,2020-07-21,POA,MIA,3555
6,17/01/2020 16:54:20,2020-07-02,2020-07-22,POA,MIA,3612
7,17/01/2020 16:54:20,2020-07-02,2020-07-23,POA,MIA,3612
8,17/01/2020 16:54:20,2020-07-03,2020-07-17,POA,MIA,3700
9,17/01/2020 16:54:20,2020-07-03,2020-07-18,POA,MIA,3762
10,17/01/2020 16:54:20,2020-07-03,2020-07-19,POA,MIA,3803
11,17/01/2020 16:54:20,2020-07-03,2020-07-20,POA,MIA,3757
12,17/01/2020 16:54:20,2020-07-03,2020-07-21,POA,MIA,3706
13,17/01/2020 16:54:20,2020-07-03,2020-07-22,POA,MIA,3732
14,17/01/2020 16:54:20,2020-07-03,2020-07-23,POA,MIA,3757
15,17/01/2020 16:54:20,2020-07-04,2020-07-17,POA,MIA,3790
16,17/01/2020 16:54:20,2020-07-04,2020-07-18,POA,MIA,4025
17,17/01/2020 16:54:20,2020-07-04,2020-07-19,POA,MIA,3880
18,17/01/2020 16:54:20,2020-07-04,2020-07-20,POA,MIA,3786
19,17/01/2020 16:54:20,2020-07-04,2020-07-21,POA,MIA,3753
20,17/01/2020 16:54:20,2020-07-04,2020-07-22,POA,MIA,3806
21,17/01/2020 16:54:20,2020-07-04,2020-07-23,POA,MIA,3823
22,17/01/2020 16:54:20,2020-07-05,2020-07-17,POA,MIA,3888
23,17/01/2020 16:54:20,2020-07-05,2020-07-18,POA,MIA,3974
24,17/01/2020 16:54:20,2020-07-05,2020-07-19,POA,MIA,3992
25,17/01/2020 16:54:20,2020-07-05,2020-07-20,POA,MIA,3876
26,17/01/2020 16:54:20,2020-07-05,2020-07-21,POA,MIA,3851
27,17/01/2020 16:54:20,2020-07-05,2020-07-22,POA,MIA,3910
28,17/01/2020 16:54:20,2020-07-05,2020-07-23,POA,MIA,3921
29,17/01/2020 16:54:20,2020-07-06,2020-07-17,POA,MIA,3757
30,17/01/2020 16:54:20,2020-07-06,2020-07-18,POA,MIA,3697
31,17/01/2020 16:54:20,2020-07-06,2020-07-19,POA,MIA,3747
32,17/01/2020 16:54:20,2020-07-06,2020-07-20,POA,MIA,3681
33,17/01/2020 16:54:20,2020-07-06,2020-07-21,POA,MIA,3548
34,17/01/2020 16:54:20,2020-07-06,2020-07-22,POA,MIA,3617
35,17/01/2020 16:54:20,2020-07-06,2020-07-23,POA,MIA,3610
36,17/01/2020 16:54:20,2020-07-07,2020-07-17,POA,MIA,3676
37,17/01/2020 16:54:20,2020-07-07,2020-07-18,POA,MIA,3714
38,17/01/2020 16:54:20,2020-07-07,2020-07-19,POA,MIA,3755
39,17/01/2020 16:54:20,2020-07-07,2020-07-20,POA,MIA,3679
40,17/01/2020 16:54:20,2020-07-07,2020-07-21,POA,MIA,3637
41,17/01/2020 16:54:20,2020-07-07,2020-07-22,POA,MIA,3666
42,17/01/2020 16:54:20,2020-07-07,2020-07-23,POA,MIA,3648
43,17/01/2020 16:54:20,2020-07-08,2020-07-17,POA,MIA,3761
44,17/01/2020 16:54:20,2020-07-08,2020-07-18,POA,MIA,3677
45,17/01/2020 16:54:20,2020-07-08,2020-07-19,POA,MIA,3853
46,17/01/2020 16:54:20,2020-07-08,2020-07-20,POA,MIA,3868
47,17/01/2020 16:54:20,2020-07-08,2020-07-21,POA,MIA,3800
48,17/01/2020 16:54:20,2020-07-08,2020-07-22,POA,MIA,3792
49,17/01/2020 16:54:20,2020-07-08,2020-07-23,POA,MIA,3751
50,17/01/2020 16:54:21,2020-07-05,2020-07-20,GRU,ATL,4865
51,17/01/2020 16:54:22,2020-07-02,2020-07-17,GRU,MIA,3419
52,17/01/2020 16:54:22,2020-07-02,2020-07-18,GRU,MIA,3420
53,17/01/2020 16:54:22,2020-07-02,2020-07-19,GRU,MIA,3439
54,17/01/2020 16:54:22,2020-07-02,2020-07-20,GRU,MIA,3527
55,17/01/2020 16:54:22,2020-07-02,2020-07-21,GRU,MIA,3266
56,17/01/2020 16:54:22,2020-07-02,2020-07-22,GRU,MIA,3238
57,17/01/2020 16:54:22,2020-07-02,2020-07-23,GRU,MIA,3263
58,17/01/2020 16:54:22,2020-07-03,2020-07-17,GRU,MIA,3634
59,17/01/2020 16:54:22,2020-07-03,2020-07-18,GRU,MIA,3779
60,17/01/2020 16:54:22,2020-07-03,2020-07-19,GRU,MIA,3435
61,17/01/2020 16:54:22,2020-07-03,2020-07-20,GRU,MIA,3318
62,17/01/2020 16:54:22,2020-07-03,2020-07-21,GRU,MIA,3301
63,17/01/2020 16:54:22,2020-07-03,2020-07-22,GRU,MIA,3295
64,17/01/2020 16:54:22,2020-07-03,2020-07-23,GRU,MIA,3316
65,17/01/2020 16:54:22,2020-07-04,2020-07-17,GRU,MIA,3485
66,17/01/2020 16:54:22,2020-07-04,2020-07-18,GRU,MIA,3779
67,17/01/2020 16:54:22,2020-07-04,2020-07-19,GRU,MIA,3475
68,17/01/2020 16:54:22,2020-07-04,2020-07-20,GRU,MIA,3294
69,17/01/2020 16:54:22,2020-07-04,2020-07-21,GRU,MIA,3295
70,17/01/2020 16:54:22,2020-07-04,2020-07-22,GRU,MIA,3312
71,17/01/2020 16:54:22,2020-07-04,2020-07-23,GRU,MIA,3331
72,17/01/2020 16:54:22,2020-07-05,2020-07-17,GRU,MIA,3472
73,17/01/2020 16:54:22,2020-07-05,2020-07-18,GRU,MIA,3457
74,17/01/2020 16:54:22,2020-07-05,2020-07-19,GRU,MIA,3428
75,17/01/2020 16:54:22,2020-07-05,2020-07-20,GRU,MIA,3279
76,17/01/2020 16:54:22,2020-07-05,2020-07-21,GRU,MIA,3544
77,17/01/2020 16:54:22,2020-07-05,2020-07-22,GRU,MIA,3307
78,17/01/2020 16:54:22,2020-07-05,2020-07-23,GRU,MIA,3327
79,17/01/2020 16:54:22,2020-07-06,2020-07-17,GRU,MIA,3417
80,17/01/2020 16:54:22,2020-07-06,2020-07-18,GRU,MIA,3634
81,17/01/2020 16:54:22,2020-07-06,2020-07-19,GRU,MIA,3398
82,17/01/2020 16:54:22,2020-07-06,2020-07-20,GRU,MIA,3380
83,17/01/2020 16:54:22,2020-07-06,2020-07-21,GRU,MIA,3226
84,17/01/2020 16:54:22,2020-07-06,2020-07-22,GRU,MIA,3177
85,17/01/2020 16:54:22,2020-07-06,2020-07-23,GRU,MIA,3254
86,17/01/2020 16:54:22,2020-07-07,2020-07-17,GRU,MIA,3401
87,17/01/2020 16:54:22,2020-07-07,2020-07-18,GRU,MIA,3409
88,17/01/2020 16:54:22,2020-07-07,2020-07-19,GRU,MIA,3404
89,17/01/2020 16:54:22,2020-07-07,2020-07-20,GRU,MIA,3527
90,17/01/2020 16:54:22,2020-07-07,2020-07-21,GRU,MIA,3286
91,17/01/2020 16:54:22,2020-07-07,2020-07-22,GRU,MIA,3137
92,17/01/2020 16:54:22,2020-07-07,2020-07-23,GRU,MIA,3246
93,17/01/2020 16:54:22,2020-07-08,2020-07-17,GRU,MIA,3359
94,17/01/2020 16:54:22,2020-07-08,2020-07-18,GRU,MIA,3354
95,17/01/2020 16:54:22,2020-07-08,2020-07-19,GRU,MIA,3370
96,17/01/2020 16:54:22,2020-07-08,2020-07-20,GRU,MIA,3527
97,17/01/2020 16:54:22,2020-07-08,2020-07-21,GRU,MIA,3212
98,17/01/2020 16:54:22,2020-07-08,2020-07-22,GRU,MIA,3199
99,17/01/2020 16:54:22,2020-07-08,2020-07-23,GRU,MIA,3527
100,17/01/2020 16:54:22,2020-07-05,2020-07-20,GIG,ATL,5690
101,17/01/2020 16:54:22,2020-07-07,2020-07-18,GIG,ATL,6177
102,17/01/2020 16:54:23,2020-07-02,2020-07-17,GIG,MIA,3278
103,17/01/2020 16:54:23,2020-07-02,2020-07-18,GIG,MIA,3277
104,17/01/2020 16:54:23,2020-07-02,2020-07-19,GIG,MIA,3268
105,17/01/2020 16:54:23,2020-07-02,2020-07-20,GIG,MIA,3458
106,17/01/2020 16:54:23,2020-07-02,2020-07-21,GIG,MIA,3440
107,17/01/2020 16:54:23,2020-07-02,2020-07-22,GIG,MIA,3358
108,17/01/2020 16:54:23,2020-07-02,2020-07-23,GIG,MIA,3347
109,17/01/2020 16:54:23,2020-07-03,2020-07-17,GIG,MIA,3237
110,17/01/2020 16:54:23,2020-07-03,2020-07-18,GIG,MIA,3270
111,17/01/2020 16:54:23,2020-07-03,2020-07-19,GIG,MIA,3272
112,17/01/2020 16:54:23,2020-07-03,2020-07-20,GIG,MIA,3391
113,17/01/2020 16:54:23,2020-07-03,2020-07-21,GIG,MIA,3432
114,17/01/2020 16:54:23,2020-07-03,2020-07-22,GIG,MIA,3354
115,17/01/2020 16:54:23,2020-07-03,2020-07-23,GIG,MIA,3333
116,17/01/2020 16:54:23,2020-07-04,2020-07-17,GIG,MIA,3296
117,17/01/2020 16:54:23,2020-07-04,2020-07-18,GIG,MIA,3290
118,17/01/2020 16:54:23,2020-07-04,2020-07-19,GIG,MIA,3300
119,17/01/2020 16:54:23,2020-07-04,2020-07-20,GIG,MIA,3430
120,17/01/2020 16:54:23,2020-07-04,2020-07-21,GIG,MIA,3422
121,17/01/2020 16:54:23,2020-07-04,2020-07-22,GIG,MIA,3428
122,17/01/2020 16:54:23,2020-07-04,2020-07-23,GIG,MIA,3414
123,17/01/2020 16:54:23,2020-07-05,2020-07-17,GIG,MIA,3320
124,17/01/2020 16:54:23,2020-07-05,2020-07-18,GIG,MIA,3283
125,17/01/2020 16:54:23,2020-07-05,2020-07-19,GIG,MIA,3293
126,17/01/2020 16:54:23,2020-07-05,2020-07-20,GIG,MIA,3419
127,17/01/2020 16:54:23,2020-07-05,2020-07-21,GIG,MIA,3418
128,17/01/2020 16:54:23,2020-07-05,2020-07-22,GIG,MIA,3400
129,17/01/2020 16:54:23,2020-07-05,2020-07-23,GIG,MIA,3410
130,17/01/2020 16:54:23,2020-07-06,2020-07-17,GIG,MIA,3368
131,17/01/2020 16:54:23,2020-07-06,2020-07-18,GIG,MIA,3365
132,17/01/2020 16:54:23,2020-07-06,2020-07-19,GIG,MIA,3348
133,17/01/2020 16:54:23,2020-07-06,2020-07-20,GIG,MIA,3461
134,17/01/2020 16:54:23,2020-07-06,2020-07-21,GIG,MIA,3464
135,17/01/2020 16:54:23,2020-07-06,2020-07-22,GIG,MIA,3422
136,17/01/2020 16:54:23,2020-07-06,2020-07-23,GIG,MIA,3405
137,17/01/2020 16:54:23,2020-07-07,2020-07-17,GIG,MIA,3384
138,17/01/2020 16:54:23,2020-07-07,2020-07-18,GIG,MIA,3765
139,17/01/2020 16:54:23,2020-07-07,2020-07-19,GIG,MIA,3357
140,17/01/2020 16:54:23,2020-07-07,2020-07-20,GIG,MIA,3453
141,17/01/2020 16:54:23,2020-07-07,2020-07-21,GIG,MIA,3482
142,17/01/2020 16:54:23,2020-07-07,2020-07-22,GIG,MIA,3443
143,17/01/2020 16:54:23,2020-07-07,2020-07-23,GIG,MIA,3433
144,17/01/2020 16:54:23,2020-07-08,2020-07-17,GIG,MIA,3430
145,17/01/2020 16:54:23,2020-07-08,2020-07-18,GIG,MIA,3385
146,17/01/2020 16:54:23,2020-07-08,2020-07-19,GIG,MIA,3374
147,17/01/2020 16:54:23,2020-07-08,2020-07-20,GIG,MIA,3442
148,17/01/2020 16:54:23,2020-07-08,2020-07-21,GIG,MIA,3484
149,17/01/2020 16:54:23,2020-07-08,2020-07-22,GIG,MIA,3457
150,17/01/2020 16:54:23,2020-07-08,2020-07-23,GIG,MIA,3475
